"{'gestureId': '5', 'fps': 28.663192340322386}"
1.3625761994262575e-06,0.06622172147035599,0.09363704919815063,0.003644478740170598,0.05212632939219475,0.025185326114296913,5.947613772150362e-06,9.799030209478587e-08,1.758409098329139e-07,0.10206860303878784,0.1001451388001442,0.33954861760139465,0.32617029547691345,0.14043234288692474,0.009992037899792194,0.044044580310583115,0.2828972637653351,0.02501588873565197,0.019159775227308273,0.17678141593933105,0.13700364530086517,0.011817073449492455,0.006882779765874147,3.832320089713903e-06,0.0026443605311214924,0.0015174484578892589,3.4135275654989528e-06,0.00019264494767412543,0.008952639065682888,0.002516327425837517,0.0025145106483250856,0.0035742418840527534,6.926264177309349e-05,0.003009228967130184,2.1052368538221344e-05,1.2575726941577159e-05,0.18615296483039856,0.09380584955215454,0.0026366375386714935,0.00041409715777263045,0.01621369831264019,0.004344438202679157,0.8045624494552612,0.1327817589044571,0.002544466173276305,0.00095939397579059,0.004381194710731506,0.0018660007044672966,0.0015984054189175367,0.0014695660211145878,7.038550506877073e-07,7.767869192321086e-07
1.4454861911872285e-06,0.06662468612194061,0.10749562829732895,0.0031259628012776375,0.053399570286273956,0.023168889805674553,6.818576821387978e-06,1.1445830949696756e-07,2.056129488892111e-07,0.07197116315364838,0.08256781846284866,0.32937678694725037,0.3189893662929535,0.12527528405189514,0.007213369477540255,0.054306287318468094,0.3510761559009552,0.024687886238098145,0.019272470846772194,0.14248061180114746,0.14332154393196106,0.016923224553465843,0.008842789568006992,4.387643457448576e-06,0.0023542128037661314,0.0015310791786760092,3.6837075185758295e-06,0.0001824699284043163,0.009752918034791946,0.0026227592024952173,0.0029539959505200386,0.004271181765943766,5.9647638408932835e-05,0.0027056054677814245,2.2383273972081952e-05,1.3617040167446248e-05,0.20517614483833313,0.1066475436091423,0.001772045623511076,0.00040581938810646534,0.017016736790537834,0.00507294200360775,0.7878888845443726,0.12339518219232559,0.003527921624481678,0.0013840299798175693,0.005241428967565298,0.0022967399563640356,0.0016526459949091077,0.0015273978933691978,6.50612037134124e-07,9.628109864934231e-07
1.3106566711940104e-06,0.08374157547950745,0.1257731318473816,0.0026583413127809763,0.04477384313941002,0.01989189349114895,5.365389824874001e-06,1.0965020180719875e-07,1.8829169334821927e-07,0.0777481272816658,0.07545649260282516,0.35659462213516235,0.3335476517677307,0.13316470384597778,0.008087672293186188,0.049345843493938446,0.32406356930732727,0.022514760494232178,0.017922818660736084,0.13621820509433746,0.12580054998397827,0.015760216861963272,0.00914918351918459,4.4651628741121385e-06,0.0020414586178958416,0.0012778888922184706,4.256006377545418e-06,0.00016300291463267058,0.007091330364346504,0.002117028459906578,0.0034261050168424845,0.005109709221869707,7.775988342473283e-05,0.0029537712689489126,2.218252484453842e-05,1.3228222996986005e-05,0.13857638835906982,0.08018426597118378,0.0033357401844114065,0.0003955836873501539,0.012694314122200012,0.003106124931946397,0.7792271375656128,0.13734178245067596,0.002289101015776396,0.000994315487332642,0.004210698883980513,0.002438727067783475,0.0016527882544323802,0.0015971199609339237,7.610422017023666e-07,8.615253932475753e-07
1.3260545301818638e-06,0.061944037675857544,0.10943660140037537,0.003733644261956215,0.059670399874448776,0.023685090243816376,5.814854375785217e-06,1.317224871399958e-07,2.0496844399531255e-07,0.06567805260419846,0.07898671180009842,0.3067069947719574,0.29757043719291687,0.11609945446252823,0.007408471778035164,0.06103648990392685,0.3570692241191864,0.026390397921204567,0.021622875705361366,0.1276276558637619,0.13248096406459808,0.017371689900755882,0.0100322887301445,4.026410806545755e-06,0.0027325362898409367,0.001355485524982214,3.705213885041303e-06,0.00017736609152052552,0.006199314724653959,0.001873854431323707,0.003771898103877902,0.004702606238424778,8.085098670562729e-05,0.0018505218904465437,1.8761124010779895e-05,1.1496012120915111e-05,0.1491551697254181,0.05542537942528725,0.003410888370126486,0.000815176812466234,0.01171875,0.0036716198083013296,0.7964232563972473,0.1634119749069214,0.0025300413835793734,0.0008747993852011859,0.006820346228778362,0.0014736426528543234,0.0023071758914738894,0.0021785455755889416,8.233458856921061e-07,9.170784096568241e-07
1.4774578858123277e-06,0.029719073325395584,0.09193847328424454,0.005930014885962009,0.08367007970809937,0.02229500375688076,5.243611212790711e-06,1.4195013875450968e-07,1.9696700803706335e-07,0.09428960829973221,0.13028058409690857,0.1930428296327591,0.19900764524936676,0.12623344361782074,0.007380714174360037,0.0586077943444252,0.3623960018157959,0.051787059754133224,0.04153413698077202,0.19770576059818268,0.17842847108840942,0.012880495749413967,0.005852826405316591,3.835025836451678e-06,0.0029908816795796156,0.0011995622189715505,3.5266534723632503e-06,0.00021139459568075836,0.008542045019567013,0.0013240209082141519,0.0038712697569280863,0.005297396332025528,9.18063597055152e-05,0.002226646523922682,1.4055999599804636e-05,9.992000741476659e-06,0.1323891282081604,0.037485044449567795,0.004850529599934816,0.0006414179806597531,0.010513688437640667,0.0022945471573621035,0.8309295177459717,0.17138679325580597,0.0026133297942578793,0.0008196146227419376,0.005818974692374468,0.0018921223236247897,0.002397280652076006,0.001905266079120338,9.598231827112613e-07,8.557842647860525e-07
1.7457216472394066e-06,0.03079940564930439,0.09356806427240372,0.00670173205435276,0.08169995248317719,0.02210956998169422,4.895645815850003e-06,1.699491321005553e-07,2.290595233489512e-07,0.08821694552898407,0.12014106661081314,0.21536628901958466,0.20982103049755096,0.17074482142925262,0.006778503302484751,0.04177253320813179,0.3517102599143982,0.04706282168626785,0.04077587649226189,0.17383840680122375,0.20225125551223755,0.013243170455098152,0.006624163594096899,3.8138496165629476e-06,0.0027658496983349323,0.0012333833146840334,3.6797539451072225e-06,0.00021565704082604498,0.008733754977583885,0.0008106090826913714,0.0063898200169205666,0.009828244335949421,8.785014506429434e-05,0.002425587736070156,1.4272595763031859e-05,1.1488329619169235e-05,0.1327054500579834,0.029911480844020844,0.004541254602372646,0.0004837270826101303,0.011808779090642929,0.0022558856289833784,0.8471476435661316,0.1921592503786087,0.0023691807873547077,0.0006843096343800426,0.006069077178835869,0.002963854232802987,0.0030475102830678225,0.0019436494912952185,9.839744734563283e-07,1.0283657729814877e-06
1.5753171282995027e-06,0.030426736921072006,0.08456772565841675,0.007154913153499365,0.08521398156881332,0.02541865035891533,4.267943950253539e-06,1.4546559157224692e-07,2.155273506332378e-07,0.0817263200879097,0.1204366460442543,0.1916191428899765,0.18807898461818695,0.1823207587003708,0.006377881392836571,0.03870607540011406,0.3612617254257202,0.05196663737297058,0.04662582650780678,0.14789891242980957,0.19070075452327728,0.01369282603263855,0.006802034564316273,3.198695594619494e-06,0.0028933314606547356,0.0012265765108168125,3.608925680964603e-06,0.00021789359743706882,0.00965799018740654,0.0007715642568655312,0.004723616410046816,0.0075074746273458,9.156636224361137e-05,0.003749893046915531,1.2376781342027243e-05,1.0259511327603832e-05,0.11147119849920273,0.02464890107512474,0.00720455776900053,0.00034953939029946923,0.01247264351695776,0.0022639762610197067,0.8652898073196411,0.19019314646720886,0.0016087789554148912,0.00044978767982684076,0.004479544702917337,0.0024069338105618954,0.0026580619160085917,0.0016889908583834767,9.519106356492557e-07,8.244750233643572e-07
1.3792005120194517e-06,0.032225556671619415,0.08769895881414413,0.006891040597110987,0.07950512319803238,0.019273562356829643,4.158150204602862e-06,1.1304717872917536e-07,1.347483618019396e-07,0.08539938181638718,0.1521468311548233,0.20738910138607025,0.20719029009342194,0.18390342593193054,0.01094474270939827,0.03465675562620163,0.26666077971458435,0.05560603365302086,0.04812653735280037,0.1805746853351593,0.2883639633655548,0.013099677860736847,0.0053284610621631145,3.631075514931581e-06,0.002495942870154977,0.0012534002307802439,3.828396984317806e-06,0.0002984605962410569,0.007716985885053873,0.0012703090906143188,0.004062192048877478,0.005601486191153526,9.136679000221193e-05,0.0031299267429858446,1.390095076203579e-05,9.199488886224572e-06,0.10767250508069992,0.035357408225536346,0.005767444614320993,0.00038005734677426517,0.010509977117180824,0.00209044455550611,0.7938876748085022,0.12373191863298416,0.002075514756143093,0.0007029577973298728,0.005056991241872311,0.001952723483555019,0.0020891709718853235,0.0015457954723387957,7.497058618355368e-07,6.419586497941054e-07
1.624004198674811e-06,0.036925192922353745,0.08247251808643341,0.008275916799902916,0.08402971178293228,0.02416190132498741,4.831771548197139e-06,1.6635490851513168e-07,2.212984497873549e-07,0.06219279766082764,0.10408122837543488,0.22900909185409546,0.23643307387828827,0.10122716426849365,0.008796504698693752,0.06964553147554398,0.33564436435699463,0.04163837060332298,0.03319758176803589,0.1411537230014801,0.1715918630361557,0.018368011340498924,0.008473245427012444,3.817201104538981e-06,0.002276352606713772,0.0012852833606302738,4.0883787733037025e-06,0.0002495761727914214,0.0069124940782785416,0.0010312973754480481,0.005182377528399229,0.007685341872274876,9.403697185916826e-05,0.0015856737736612558,1.3833901903126389e-05,1.0565613592916634e-05,0.11274918913841248,0.030527371913194656,0.005884459242224693,0.0009211754659190774,0.010836338624358177,0.002246992662549019,0.8322332501411438,0.17166920006275177,0.001954746665433049,0.000658234057482332,0.005053813569247723,0.002688735956326127,0.0028615626506507397,0.0020556231029331684,9.86747522802034e-07,1.043005340761738e-06
1.522375669082976e-06,0.03254198655486107,0.08834327012300491,0.006309944204986095,0.08369919657707214,0.01820957474410534,5.1897418416047e-06,1.3508959284536104e-07,1.7818331343733007e-07,0.10173436999320984,0.15908555686473846,0.2192206233739853,0.23340360820293427,0.11027905344963074,0.012821722775697708,0.05949492007493973,0.2661558985710144,0.04711657017469406,0.03668419271707535,0.19858311116695404,0.23267440497875214,0.011293322779238224,0.005013458896428347,3.1732915886095725e-06,0.0028496889863163233,0.0022981632500886917,5.5306018111878075e-06,0.00046668274444527924,0.007651929277926683,0.0018726286944001913,0.0022731816861778498,0.002977108582854271,0.00010114161705132574,0.001394942868500948,1.5846704627620056e-05,1.085822077584453e-05,0.11872298270463943,0.039972007274627686,0.0064333523623645306,0.0013073014561086893,0.019910674542188644,0.004459480755031109,0.8197848200798035,0.13214269280433655,0.00122535671107471,0.0004238094261381775,0.003476181998848915,0.0012773576891049743,0.0013598017394542694,0.0012548132799565792,6.670871357528085e-07,6.947306587790081e-07
1.5850022236918448e-06,0.035745806992053986,0.09112796932458878,0.0069078728556632996,0.0797048956155777,0.02233351580798626,5.204770332056796e-06,1.595551708533094e-07,1.9789563054928294e-07,0.08404695242643356,0.14360377192497253,0.26643696427345276,0.2707166075706482,0.14080308377742767,0.008524487726390362,0.050434939563274384,0.3239086866378784,0.03698459640145302,0.028690263628959656,0.17335182428359985,0.22828362882137299,0.013815982267260551,0.0057507650926709175,3.677915628941264e-06,0.0022641457617282867,0.001518176170065999,4.653410996979801e-06,0.00031921849586069584,0.007676270790398121,0.0011731656268239021,0.004505911376327276,0.006180600728839636,9.395344386575744e-05,0.0010813468834385276,1.4940476830815896e-05,1.1872155482706148e-05,0.12049981951713562,0.02823569066822529,0.005782376509159803,0.0014018882066011429,0.012748567387461662,0.0024089268408715725,0.8205866813659668,0.15160095691680908,0.001972200581803918,0.0006309277378022671,0.005428042262792587,0.002012385753914714,0.0027721691876649857,0.0020750120747834444,8.536551376892021e-07,8.982176495919703e-07
1.5821962051632e-06,0.03382600471377373,0.10805267840623856,0.005700721405446529,0.0809829905629158,0.016619972884655,5.391209469962632e-06,1.3443965940496128e-07,1.8053657413474866e-07,0.09475444257259369,0.15260066092014313,0.24029268324375153,0.2494179755449295,0.1351129412651062,0.00999956950545311,0.04944075271487236,0.29342415928840637,0.04151001572608948,0.031662821769714355,0.17719966173171997,0.2067231684923172,0.012182468548417091,0.005164515692740679,3.512278226480703e-06,0.0025499495677649975,0.0016700115520507097,4.231695129419677e-06,0.0003381950664333999,0.008387921378016472,0.001809092122130096,0.0030124036129564047,0.004045740235596895,9.701572707854211e-05,0.0013399828458204865,1.5272094969986938e-05,1.0922434739768505e-05,0.1320890188217163,0.04012642428278923,0.005342886317521334,0.0012677829945459962,0.014097851701080799,0.002819606801494956,0.8331674933433533,0.16553965210914612,0.0022502795327454805,0.0007761695305816829,0.004559040535241365,0.0016762439627200365,0.002622140571475029,0.0022534301970154047,7.86288978815719e-07,7.672657034163421e-07
1.7436817643101676e-06,0.0355837456882,0.1162206381559372,0.006805455777794123,0.0673406571149826,0.015070363879203796,5.363373929867521e-06,1.8146386082662502e-07,2.0457883920244058e-07,0.08905664831399918,0.14775346219539642,0.22975145280361176,0.23855675756931305,0.13558590412139893,0.010810613632202148,0.04962993413209915,0.2809937596321106,0.045765265822410583,0.03600137308239937,0.19952011108398438,0.2664321959018707,0.012566226534545422,0.005505651701241732,3.2754624044173397e-06,0.0030631315894424915,0.0021724591497331858,4.323865141486749e-06,0.0003994131402578205,0.006955563556402922,0.0014805356040596962,0.004682978615164757,0.006170474924147129,8.563640585634857e-05,0.0010206821607425809,1.9056997189181857e-05,1.3242321074358188e-05,0.1091264858841896,0.03276226297020912,0.005613074637949467,0.0015122975455597043,0.02152036316692829,0.0032446987461298704,0.864349365234375,0.1774405837059021,0.0013342815218493342,0.0004420374461915344,0.004832217935472727,0.0018265576800331473,0.0025593950413167477,0.0021824392024427652,6.794842875024187e-07,8.453729378743446e-07
1.6101832898129942e-06,0.036801669746637344,0.09485448151826859,0.0065450603142380714,0.07544016093015671,0.019489798694849014,4.630952389561571e-06,1.3907866502904653e-07,1.7998284818077082e-07,0.0812569409608841,0.13434326648712158,0.21586106717586517,0.23285245895385742,0.11047603189945221,0.008966775611042976,0.062231164425611496,0.33079594373703003,0.04602693021297455,0.0349365696310997,0.18352439999580383,0.19889579713344574,0.014551674015820026,0.005983210634440184,3.0142221021378646e-06,0.0024558240547776222,0.0016594667686149478,4.752971108246129e-06,0.0003494887496344745,0.007935572415590286,0.0012849265476688743,0.0027374704368412495,0.004247801378369331,9.818325634114444e-05,0.0027318852953612804,1.2094875273760408e-05,8.689362402947154e-06,0.09475836157798767,0.033537376672029495,0.0078473761677742,0.0005860686651431024,0.01389386411756277,0.0029161814600229263,0.8621601462364197,0.16842623054981232,0.0013078314950689673,0.0004651122144423425,0.002870328724384308,0.0020553413778543472,0.0022535622119903564,0.0017645242623984814,7.540051001342363e-07,8.022927886486286e-07
1.4803068779656314e-06,0.03373061865568161,0.07116319984197617,0.007790738716721535,0.08490070700645447,0.027130577713251114,4.222648385621142e-06,1.414790204989913e-07,1.9435117337707197e-07,0.08276873826980591,0.12175854295492172,0.2245226502418518,0.22975614666938782,0.13697397708892822,0.008669259957969189,0.049072038382291794,0.3195675015449524,0.04289490357041359,0.03501934930682182,0.1705172210931778,0.17233246564865112,0.01356874592602253,0.006639137864112854,3.28821283801517e-06,0.002409915905445814,0.0013334907125681639,4.665279448090587e-06,0.00023342030181083828,0.0072994050569832325,0.0009912423556670547,0.0038778160233050585,0.005918554961681366,0.00010113304597325623,0.00285618519410491,1.3535279322240967e-05,9.98859013634501e-06,0.10209513455629349,0.03203846141695976,0.007075038272887468,0.0005025374121032655,0.012013432569801807,0.002345186425372958,0.8446200489997864,0.17636103928089142,0.001389815122820437,0.000474150525406003,0.0036736384499818087,0.002302378648892045,0.0019880742765963078,0.0015089134685695171,9.370909310746356e-07,8.122200370053179e-07
1.4375484624906676e-06,0.046437252312898636,0.09402628988027573,0.005876058712601662,0.06669001281261444,0.02229411154985428,4.455303042050218e-06,1.3516317665107636e-07,1.8403272861178266e-07,0.07338759303092957,0.10878891497850418,0.21168984472751617,0.2182522565126419,0.11959773302078247,0.007784140761941671,0.05817161500453949,0.347983717918396,0.043175600469112396,0.03511790558695793,0.15506470203399658,0.1529432088136673,0.015197938308119774,0.007185228168964386,3.34084825226455e-06,0.002172149484977126,0.001275173737667501,5.1541460379667114e-06,0.00020708171359729022,0.007250490132719278,0.0013875135919079185,0.0028504543006420135,0.004127134568989277,0.00010519699571887031,0.0029232013039290905,1.4186005500960164e-05,9.164602488453966e-06,0.10798651725053787,0.042106274515390396,0.006623727269470692,0.0005520609556697309,0.011071252636611462,0.0023128166794776917,0.8406999111175537,0.17870178818702698,0.001742261927574873,0.0006460429285652936,0.0037509906105697155,0.001861712196841836,0.0019354921532794833,0.0016428291564807296,8.698862075107172e-07,7.62648596719373e-07
1.6977625136860297e-06,0.03557807579636574,0.08956953883171082,0.007930301129817963,0.07849394530057907,0.022704657167196274,4.8040888032119256e-06,1.5933210306684487e-07,2.258255022979938e-07,0.08357826620340347,0.11330041289329529,0.21004657447338104,0.2108166515827179,0.13930660486221313,0.007844792678952217,0.048956990242004395,0.3351069688796997,0.044516243040561676,0.03709171339869499,0.15852627158164978,0.1629619002342224,0.012925825081765652,0.006958288140594959,3.2507659852853976e-06,0.00239962968043983,0.0013597005745396018,4.099857051187428e-06,0.00019778138084802777,0.008022947236895561,0.001256281160749495,0.004869852680712938,0.007453846279531717,7.599275704706088e-05,0.0022714044898748398,1.464725846744841e-05,1.0095696779899299e-05,0.12492059171199799,0.04486678168177605,0.0038922596722841263,0.000583983026444912,0.0138941565528512,0.0025976314209401608,0.8725595474243164,0.2109825760126114,0.0022946717217564583,0.0008279947796836495,0.00483884708955884,0.0030629157554358244,0.0025233898777514696,0.0020758386235684156,9.023413554132276e-07,9.350796403850836e-07
1.7037931456798106e-06,0.034406039863824844,0.07993317395448685,0.0076765031553804874,0.08891604840755463,0.02343650534749031,5.782189418823691e-06,1.4222888466974837e-07,2.0982210457987094e-07,0.0800284668803215,0.11413624882698059,0.24436435103416443,0.2481352686882019,0.10519266873598099,0.007645710837095976,0.06537046283483505,0.3594500422477722,0.03667181730270386,0.028141546994447708,0.16426272690296173,0.1640458106994629,0.01402648352086544,0.0068212151527404785,3.350008228153456e-06,0.002450426109135151,0.0016736407997086644,3.870984528475674e-06,0.0002579484134912491,0.01029287464916706,0.0024323759134858847,0.0023779936600476503,0.003794716903939843,7.317490235436708e-05,0.002863856265321374,1.4109761650615837e-05,9.109548955166247e-06,0.14393658936023712,0.07941886782646179,0.0028713152278214693,0.0004958412609994411,0.01570332609117031,0.003964311443269253,0.8632766604423523,0.18320807814598083,0.0032982376869767904,0.001426342292688787,0.003322468837723136,0.0027747484855353832,0.0023055498022586107,0.0021848713513463736,6.780899184377631e-07,9.858605380941299e-07
1.861940290837083e-06,0.029349617660045624,0.07150144129991531,0.00832639541476965,0.0940750241279602,0.025839416310191154,6.048705017747125e-06,1.3938073095687287e-07,2.2423121492920473e-07,0.08492738753557205,0.13219590485095978,0.21261048316955566,0.2201138287782669,0.10142138600349426,0.008826547302305698,0.06746149063110352,0.33694151043891907,0.043877143412828445,0.035025227814912796,0.15789838135242462,0.18176902830600739,0.01282088365405798,0.006265177857130766,2.805360963975545e-06,0.002712345216423273,0.0023262305185198784,4.900723524770001e-06,0.0003830662462860346,0.013333350419998169,0.0023587585892528296,0.0016334614483639598,0.0026739812456071377,6.913785182405263e-05,0.0028512501157820225,1.1829458344436716e-05,8.027850526559632e-06,0.16669340431690216,0.07681452482938766,0.002624343615025282,0.0005297677707858384,0.02319847047328949,0.006685303989797831,0.8747740387916565,0.1642034947872162,0.0029255119152367115,0.001139498082920909,0.002865445800125599,0.002277500694617629,0.0016242240089923143,0.0013988814316689968,5.526113682208234e-07,8.924372423280147e-07
1.937498609549948e-06,0.03332642465829849,0.06605076044797897,0.007588441018015146,0.09006410092115402,0.030551452189683914,6.0423690229072236e-06,1.7309261579612212e-07,2.323841670204274e-07,0.07100056111812592,0.1069452241063118,0.20650003850460052,0.21537840366363525,0.10148130357265472,0.007958000525832176,0.06858593970537186,0.3553018569946289,0.04514462500810623,0.035661112517118454,0.1666635274887085,0.17180028557777405,0.015416204929351807,0.007640214636921883,3.129593324047164e-06,0.0024085647892206907,0.0016737970290705562,3.620967618189752e-06,0.00023496146604884416,0.008011267520487309,0.001650170306675136,0.0061516426503658295,0.009260503575205803,5.1166818593628705e-05,0.0026493400800973177,1.3993806533108e-05,8.611798875790555e-06,0.1530681550502777,0.07274141907691956,0.0018147496739402413,0.00038249860517680645,0.018701547756791115,0.004195237997919321,0.9004854559898376,0.21168206632137299,0.003319942159578204,0.0012757611693814397,0.006332509685307741,0.0037637287750840187,0.002523896051570773,0.002312077209353447,6.445640110541717e-07,1.1296306183794513e-06
1.4213765098247677e-06,0.0749717503786087,0.11299698799848557,0.003539562691003084,0.0477403923869133,0.022263962775468826,4.761232503369683e-06,1.0994590837754004e-07,1.945905978573137e-07,0.08489085733890533,0.07718660682439804,0.37235647439956665,0.34695693850517273,0.14833277463912964,0.012390307150781155,0.03944038599729538,0.2405901402235031,0.021283408626914024,0.018232936039566994,0.1381300985813141,0.12139702588319778,0.013620040379464626,0.009193415753543377,3.437991153987241e-06,0.001961604692041874,0.0015106062637642026,4.757696842716541e-06,0.00020490100723691285,0.006154678296297789,0.0018585710786283016,0.0037089039105921984,0.005594262853264809,7.384736818494275e-05,0.002317412756383419,1.8028682461590506e-05,1.1010997695848346e-05,0.12068671733140945,0.06442994624376297,0.003910724073648453,0.0005776606849394739,0.014721752144396305,0.0033510224893689156,0.8246445655822754,0.16416801512241364,0.0017332166898995638,0.000744297809433192,0.0038532179314643145,0.0024865474551916122,0.0018264333484694362,0.0016865876968950033,7.441270213348616e-07,7.621309237038076e-07
1.5503660506510641e-06,0.1101287379860878,0.1371673345565796,0.002546313451603055,0.034090060740709305,0.018023263663053513,4.560934939945582e-06,1.1360040730323817e-07,1.8830678527592681e-07,0.10874401777982712,0.10817335546016693,0.41520169377326965,0.39276209473609924,0.1290144920349121,0.012347841635346413,0.04723264276981354,0.25376439094543457,0.018601030111312866,0.014378855936229229,0.1553611010313034,0.13351276516914368,0.011410493403673172,0.006083648651838303,4.016580987808993e-06,0.0021986241918057203,0.0013823459157720208,3.9849974200478755e-06,0.00018490900401957333,0.005155727732926607,0.0013498616172000766,0.006122993305325508,0.010522063821554184,6.937957368791103e-05,0.0027764642145484686,1.8956507119582966e-05,1.1327589163556695e-05,0.10052196681499481,0.0601261630654335,0.00368369254283607,0.00038339218008331954,0.012957695871591568,0.0033123516477644444,0.8222010135650635,0.1663641631603241,0.0014062162954360247,0.0006287630531005561,0.0034748311154544353,0.004343013279139996,0.0020995899103581905,0.0017899393569678068,8.875204002833925e-07,9.830608860283974e-07
1.2999424825466122e-06,0.04551384225487709,0.07409102469682693,0.0051695797592401505,0.0763963833451271,0.02791578136384487,4.8946935748972464e-06,1.0553910101407382e-07,1.7752604719589726e-07,0.07724534720182419,0.12910160422325134,0.26307955384254456,0.2698168158531189,0.11860544979572296,0.01041124016046524,0.0548255480825901,0.28942593932151794,0.03436005115509033,0.02617785707116127,0.1383729726076126,0.16892680525779724,0.01446746289730072,0.005749611184000969,5.104510364617454e-06,0.0022830204106867313,0.0011044939747080207,3.063949634452001e-06,0.00019919550686609,0.009350575506687164,0.001362931332550943,0.0035181704442948103,0.006319042760878801,9.557801968185231e-05,0.002415926894173026,1.976931707758922e-05,1.6043548384914175e-05,0.11640812456607819,0.051170799881219864,0.005290179047733545,0.00043234723852947354,0.010773600079119205,0.001928976969793439,0.7460250854492188,0.10488320887088776,0.002021603984758258,0.0008121596765704453,0.0028376467525959015,0.0038320343010127544,0.002111180918291211,0.0014955620281398296,1.028762994792487e-06,8.350135090040567e-07
1.2227178558532614e-06,0.04094433784484863,0.07081014662981033,0.0052206856198608875,0.08354559540748596,0.02776218019425869,4.602483386406675e-06,9.3707249959607e-08,1.6271080482965772e-07,0.08393360674381256,0.1340942531824112,0.257447212934494,0.268559068441391,0.11845472455024719,0.011412559077143669,0.054544199258089066,0.2782211899757385,0.035918403416872025,0.026663649827241898,0.14133702218532562,0.1507512629032135,0.014023134484887123,0.00538508128374815,4.732703018817119e-06,0.0021734663750976324,0.0011073641944676638,3.2174282296182355e-06,0.00019327137852087617,0.008411574177443981,0.0011839285725727677,0.003912554122507572,0.007037262432277203,9.089526429306716e-05,0.0027268233243376017,1.8626258679432794e-05,1.4603573617932852e-05,0.10164862126111984,0.04505051672458649,0.005418992135673761,0.00037357708788476884,0.010344014503061771,0.0022138780914247036,0.7532951235771179,0.10753080993890762,0.0015831144992262125,0.0006113339331932366,0.002770117251202464,0.0035631691571325064,0.002143469639122486,0.0015383865684270859,1.0820517672982533e-06,7.679362852286431e-07
1.1907997077287291e-06,0.03011247329413891,0.0507158525288105,0.008407335728406906,0.10728894919157028,0.03424983471632004,4.721428467746591e-06,1.1485621342899321e-07,1.5595914248933695e-07,0.0813213437795639,0.13576625287532806,0.178522527217865,0.18956023454666138,0.1076984778046608,0.011428328230977058,0.0612105093896389,0.28222596645355225,0.05474712327122688,0.04413781315088272,0.13684263825416565,0.17236991226673126,0.013488306663930416,0.005645422264933586,5.1495230763976e-06,0.0025732170324772596,0.001040720148012042,2.5890158212860115e-06,0.0001832559355534613,0.00561817642301321,0.0011048333253711462,0.008715289644896984,0.01368674822151661,7.360152812907472e-05,0.002367930021136999,2.1977582946419716e-05,1.4393906894838437e-05,0.09771619737148285,0.05037720128893852,0.0036336935590952635,0.00031256666989065707,0.010694705881178379,0.0020618692506104708,0.7522010803222656,0.10654649883508682,0.0018676389008760452,0.0007274820818565786,0.00536522688344121,0.004110759124159813,0.001936160260811448,0.001511256443336606,1.0918631687673042e-06,8.438280474365456e-07
9.586814258000231e-07,0.025041045621037483,0.06094829738140106,0.00703485356643796,0.12825733423233032,0.030553746968507767,4.224641998007428e-06,1.0268179551076173e-07,1.4884378174429003e-07,0.0803259089589119,0.1287573277950287,0.21804377436637878,0.22077903151512146,0.12160762399435043,0.010413226671516895,0.05421234667301178,0.28822794556617737,0.041936200112104416,0.03449757397174835,0.11530502140522003,0.16133873164653778,0.013536324724555016,0.005919705145061016,4.47364845967968e-06,0.0025157269556075335,0.0010049892589449883,2.849636530299904e-06,0.00015251697914209217,0.0059577105566859245,0.0014473473420366645,0.005074608139693737,0.007710839156061411,8.481444092467427e-05,0.0019613252952694893,2.1571751858573407e-05,1.4546946658811066e-05,0.0852213129401207,0.047813571989536285,0.005436840001493692,0.0005292203859426081,0.010092920623719692,0.0019323022570461035,0.7623974084854126,0.12200814485549927,0.0014962614513933659,0.0005954672233201563,0.003964083269238472,0.0026701628230512142,0.002025214722380042,0.0017654112307354808,1.1128313417430036e-06,6.57084456179291e-07
1.1051373576265178e-06,0.02870297059416771,0.0608333982527256,0.00641642278060317,0.11124394834041595,0.02753422036767006,4.761532181873918e-06,9.261517419645315e-08,1.2694101769739063e-07,0.09582777321338654,0.16467352211475372,0.201304093003273,0.21100907027721405,0.21276213228702545,0.008964180946350098,0.029534606263041496,0.2825258672237396,0.04892558604478836,0.03919282928109169,0.16983455419540405,0.202951580286026,0.011082774959504604,0.004278074484318495,3.686807303893147e-06,0.0030533517710864544,0.0014509252505376935,2.9039040327916155e-06,0.00026416225591674447,0.0071433670818805695,0.0020509131718426943,0.003015590365976095,0.004323346074670553,8.833147148834541e-05,0.0022810595110058784,2.2037962480681017e-05,1.394948958477471e-05,0.11295849829912186,0.0727749913930893,0.00430080434307456,0.0004574574122671038,0.014526360668241978,0.002525293966755271,0.7772831320762634,0.10768435895442963,0.0019176731584593654,0.0007907975814305246,0.0036444473080337048,0.002071871655061841,0.0014986105961725116,0.001440750202164054,7.332599807341467e-07,5.240943892204086e-07
9.381487302562164e-07,0.028296027332544327,0.06415162980556488,0.00868957955390215,0.10258737951517105,0.025766856968402863,4.648562935472e-06,8.778301463507887e-08,1.2777591962276347e-07,0.07291334122419357,0.1337655484676361,0.21590235829353333,0.2294432520866394,0.23141510784626007,0.007967640645802021,0.027675006538629532,0.30013301968574524,0.04517709091305733,0.03607621416449547,0.17341654002666473,0.19524869322776794,0.014236558228731155,0.005836418364197016,3.466700718490756e-06,0.004148924257606268,0.0016795602859929204,2.945768301287899e-06,0.0003363724972587079,0.008350003510713577,0.0024171152617782354,0.0014513548230752349,0.001968430122360587,0.00012342951958999038,0.002319145016372204,2.117216536134947e-05,1.394706850987859e-05,0.09848978370428085,0.054659176617860794,0.008006855845451355,0.0006065605557523668,0.015611395239830017,0.00313582387752831,0.7285477519035339,0.08581551164388657,0.001302518299780786,0.0004902702639810741,0.002712925663217902,0.0010568368015810847,0.0010767205385491252,0.0009911549277603626,6.557585265909438e-07,4.506786979163735e-07
1.2598428611454437e-06,0.032714489847421646,0.06936709582805634,0.008014102466404438,0.09014161676168442,0.023285092785954475,5.431803856481565e-06,9.821427937595217e-08,1.4512528423438198e-07,0.11049828678369522,0.17751748859882355,0.19616030156612396,0.21204999089241028,0.22027355432510376,0.008209682069718838,0.02881830371916294,0.2977633774280548,0.04982177913188934,0.03935783728957176,0.19270926713943481,0.20351065695285797,0.009699828922748566,0.0038555264472961426,3.4132312975998502e-06,0.004200199618935585,0.0020091477781534195,2.8300935355218826e-06,0.0003333413624204695,0.00924266129732132,0.0020310748368501663,0.0023068003356456757,0.0033579475712031126,9.314621274825186e-05,0.002602670108899474,2.3650190996704623e-05,1.61951502377633e-05,0.1338396668434143,0.06901494413614273,0.004255852196365595,0.0004210425540804863,0.02211105450987816,0.00435106223449111,0.7887067198753357,0.10634300857782364,0.001531837391667068,0.000535940402187407,0.0030682452488690615,0.001643157796934247,0.001305856159888208,0.0011302517959848046,6.601596851396607e-07,5.718035822610545e-07
1.1911631645489251e-06,0.034416649490594864,0.09885425120592117,0.005612843669950962,0.07678207010030746,0.01831088215112686,5.551565209316323e-06,9.161092862086662e-08,1.4091722277953522e-07,0.10451672971248627,0.16845880448818207,0.22658111155033112,0.24110066890716553,0.2106865495443344,0.008752542547881603,0.030195312574505806,0.29082193970680237,0.0420156754553318,0.032278381288051605,0.19791071116924286,0.2001747488975525,0.010262511670589447,0.004009383264929056,3.6835951959801605e-06,0.004478322342038155,0.0017983887810260057,2.794602551148273e-06,0.00030406491714529693,0.011920345947146416,0.0027128250803798437,0.0011758813634514809,0.0017315131844952703,0.00013203956768848002,0.0030633704736828804,2.3013446480035782e-05,1.6225465515162796e-05,0.1306641697883606,0.06832066923379898,0.006548282690346241,0.000497257336974144,0.01716715656220913,0.0034153766464442015,0.7715409994125366,0.11987385153770447,0.001835410948842764,0.0006498111761175096,0.0023314321879297495,0.0011709450045600533,0.0016012435080483556,0.0013735448010265827,6.917172754583589e-07,5.092638275527861e-07
1.1083016033808235e-06,0.028677217662334442,0.10702831298112869,0.007386935409158468,0.07687433063983917,0.014959805645048618,5.193287051952211e-06,9.125968603029833e-08,1.3046542335359845e-07,0.10026251524686813,0.16008663177490234,0.19991976022720337,0.21478991210460663,0.20369334518909454,0.008689718320965767,0.03190142661333084,0.30132755637168884,0.04860997945070267,0.039002373814582825,0.20716965198516846,0.2234906703233719,0.010593519546091557,0.004160641692578793,3.2268405902868835e-06,0.0048212879337370396,0.0020544971339404583,3.4781851354637183e-06,0.00030733554740436375,0.012719331309199333,0.0037745970766991377,0.0007474123849533498,0.0011127254692837596,0.000128499828861095,0.00488328980281949,2.4782346372376196e-05,1.5073314898472745e-05,0.10998089611530304,0.08377103507518768,0.007576237432658672,0.00033855653600767255,0.021415555849671364,0.004037247039377689,0.8103418350219727,0.12728586792945862,0.0013697950635105371,0.0005423803813755512,0.0015155437868088484,0.0009307971340604126,0.0010761740850284696,0.0010597591754049063,5.589947136286355e-07,4.342314241512213e-07
1.1236405725867371e-06,0.025473080575466156,0.0841396301984787,0.007242552936077118,0.09586237370967865,0.01891748234629631,5.519299975276226e-06,9.32842496581543e-08,1.3127692000125535e-07,0.06650572270154953,0.14081595838069916,0.18976590037345886,0.20757868885993958,0.20623387396335602,0.007753563113510609,0.031547147780656815,0.3173646330833435,0.050314296036958694,0.04133385792374611,0.17312097549438477,0.21978767216205597,0.014397998340427876,0.00579838827252388,2.833974576788023e-06,0.0050124856643378735,0.0022622442338615656,3.698738964885706e-06,0.0003768605529330671,0.015942558646202087,0.004607643000781536,0.0004600532411132008,0.0006345414440147579,0.00015056987467687577,0.004400754347443581,1.9548711861716583e-05,1.2590269761858508e-05,0.12198623269796371,0.072470523416996,0.009371216408908367,0.0004956026095896959,0.02079862542450428,0.005243662279099226,0.816321611404419,0.13747012615203857,0.0015518759610131383,0.0005435681086964905,0.0016260165721178055,0.0005830939044244587,0.0013221168192103505,0.0012178202159702778,5.007052550354274e-07,3.9891236269795627e-07
1.3842195585311856e-06,0.03228433057665825,0.0840652585029602,0.005960775073617697,0.08273853361606598,0.019319599494338036,5.700999281543773e-06,8.20307448634594e-08,1.412995374039383e-07,0.12107578665018082,0.18155819177627563,0.19199970364570618,0.2095116525888443,0.2105780392885208,0.009176221676170826,0.03042234294116497,0.295449823141098,0.0510953851044178,0.042092181742191315,0.222063809633255,0.20842178165912628,0.008566750213503838,0.003842000151053071,2.444351821395685e-06,0.006126801948994398,0.0027429312467575073,3.897235274052946e-06,0.0003967125085182488,0.020405970513820648,0.004248390439897776,0.0003329443570692092,0.0005320371128618717,0.0001302024320466444,0.0056405519135296345,1.676736428635195e-05,1.1236138561798725e-05,0.1402004510164261,0.08142250031232834,0.007321897894144058,0.00039380526868626475,0.026510002091526985,0.008576042018830776,0.8433470129966736,0.14909842610359192,0.0014852384338155389,0.0005066031590104103,0.0010535671608522534,0.0007034178706817329,0.0010456304298713803,0.000947613618336618,5.050656000094023e-07,4.122583732169005e-07
1.1695050261550932e-06,0.02791512757539749,0.06082857400178909,0.00693451939150691,0.10415127873420715,0.02744450978934765,4.533584160526516e-06,8.146832897182321e-08,1.3100888907047192e-07,0.09600794315338135,0.14108604192733765,0.22267022728919983,0.2272147238254547,0.2275492399930954,0.00832211971282959,0.027563149109482765,0.29994091391563416,0.04378199949860573,0.036909181624650955,0.17487670481204987,0.19355300068855286,0.01089186780154705,0.005329664796590805,2.624931084937998e-06,0.004888111259788275,0.0020668949000537395,3.2521520552108996e-06,0.0003333763452246785,0.012788424268364906,0.0028295640368014574,0.0007956870831549168,0.0013479962944984436,0.00010751101217465475,0.005336058791726828,1.5590812836308032e-05,9.642070835980121e-06,0.10723023861646652,0.07815428078174591,0.00545441685244441,0.0002775896864477545,0.018519526347517967,0.005569937638938427,0.8240967392921448,0.13441553711891174,0.0015487405471503735,0.0006208535633049905,0.0014122811844572425,0.0012709106085821986,0.0012304504634812474,0.001062585273757577,5.378871037464705e-07,4.780679319082992e-07
1.2344626156846061e-06,0.030250657349824905,0.0674729123711586,0.006392651703208685,0.09472010284662247,0.023448912426829338,5.02601051266538e-06,8.077592639210707e-08,1.259663662267485e-07,0.10869404673576355,0.1534232795238495,0.21588021516799927,0.22333939373493195,0.22706586122512817,0.008424296043813229,0.02744694985449314,0.2991504371166229,0.04587115719914436,0.038047075271606445,0.2041020691394806,0.2014780044555664,0.00977279618382454,0.004741886630654335,2.494933596608462e-06,0.0049200826324522495,0.0022973311133682728,3.304805659354315e-06,0.00034351376234553754,0.012911687605082989,0.003586995881050825,0.0007885664235800505,0.0012464462779462337,9.196942119160667e-05,0.00519172428175807,1.666654679866042e-05,9.68579206528375e-06,0.11969789117574692,0.09173502773046494,0.004369555972516537,0.000280685315374285,0.021524209529161453,0.006897812243551016,0.8469206094741821,0.14003033936023712,0.001631728489883244,0.0006395336240530014,0.0015868217451497912,0.001109780976548791,0.0012273140018805861,0.0011953869834542274,4.841749046136101e-07,4.6572017708967905e-07
1.1821909993159352e-06,0.029902677983045578,0.06854583323001862,0.006081343162804842,0.10253963619470596,0.026548685505986214,4.765675839735195e-06,9.04254022771056e-08,1.46638939213517e-07,0.09947981685400009,0.1371317207813263,0.2542332410812378,0.25544819235801697,0.20815014839172363,0.0074485670775175095,0.031278256326913834,0.32546108961105347,0.03677622228860855,0.03002109006047249,0.17202432453632355,0.18842032551765442,0.01106990035623312,0.005508095491677523,2.4912530989240622e-06,0.004842088557779789,0.0020647787023335695,3.076334678553394e-06,0.0002846278657671064,0.011581510305404663,0.0026750240940600634,0.001104366616345942,0.0018253347370773554,8.61192456795834e-05,0.004607942420989275,1.6499483535881154e-05,1.003652414510725e-05,0.10623824596405029,0.07504484802484512,0.004979084711521864,0.000315013196086511,0.020758284255862236,0.005741297733038664,0.8599919676780701,0.15643805265426636,0.0013883593492209911,0.0005411998718045652,0.001677609165199101,0.0013570832088589668,0.0014756794553250074,0.0013565432745963335,5.526714517145592e-07,5.396808546720422e-07
1.2307644965403597e-06,0.03519446402788162,0.08588660508394241,0.005518145859241486,0.0885230302810669,0.020401606336236,4.400017587613547e-06,1.0553527829415543e-07,1.4348076149417466e-07,0.08264193683862686,0.11483035236597061,0.24207988381385803,0.24747586250305176,0.12255783379077911,0.009062669239938259,0.054854340851306915,0.3238863945007324,0.0371415913105011,0.029208438470959663,0.15943343937397003,0.16652941703796387,0.013265782967209816,0.006457656156271696,2.496847173460992e-06,0.0032945433631539345,0.001848724321462214,4.150665972701972e-06,0.00026143499417230487,0.007917765527963638,0.0032733669504523277,0.0012863930314779282,0.0020616159308701754,9.405284799868241e-05,0.0038734828121960163,1.5227375115500763e-05,7.879172699176706e-06,0.0764128714799881,0.07991375774145126,0.006033885758370161,0.0004230487684253603,0.016458718106150627,0.004295513033866882,0.8822267055511475,0.1943780779838562,0.0013030756963416934,0.0006401101709343493,0.0016334489919245243,0.0015687055420130491,0.0016348711214959621,0.001828878535889089,5.629020733977086e-07,5.768893061031122e-07
1.356761913484661e-06,0.03931990638375282,0.08334957808256149,0.0045752995647490025,0.08619468659162521,0.022740794345736504,4.958689714840148e-06,1.012455825843972e-07,1.5061871749821876e-07,0.08610371500253677,0.12380437552928925,0.252800315618515,0.25758540630340576,0.11434371769428253,0.0107142748311162,0.056272245943546295,0.2931360602378845,0.03487677127122879,0.027129676192998886,0.1409367471933365,0.15731848776340485,0.012600994668900967,0.00605448242276907,2.8094466415495845e-06,0.0031789352651685476,0.0017402280354872346,3.6568817449733615e-06,0.0002634984557516873,0.008687037974596024,0.0028393070679157972,0.0014725147048011422,0.0023106469307094812,9.351928747491911e-05,0.0036227183882147074,1.4998664482845925e-05,8.741917554289103e-06,0.10155247896909714,0.07879817485809326,0.004956458695232868,0.0004377370933070779,0.014904016628861427,0.003972166683524847,0.87152498960495,0.1995069831609726,0.00195543235167861,0.0008702417253516614,0.0021837097592651844,0.0016761666629463434,0.002293921774253249,0.0022987460251897573,6.258450184759567e-07,6.092520834499737e-07
1.4458446457865648e-06,0.06288659572601318,0.09415929764509201,0.004158133175224066,0.05174385383725166,0.021267283707857132,4.799990165338386e-06,1.0126045424385666e-07,1.6055939511261386e-07,0.08393356204032898,0.1227986216545105,0.36401328444480896,0.35439470410346985,0.1254807710647583,0.013486199080944061,0.048441410064697266,0.24827560782432556,0.025921480730175972,0.017383284866809845,0.17201276123523712,0.14558924734592438,0.014758780598640442,0.005958898924291134,2.8741840196744306e-06,0.0029385921079665422,0.0017940524267032743,4.287517640477745e-06,0.00024185344227589667,0.007040055468678474,0.001732336007989943,0.0026557028759270906,0.004437058232724667,7.859176548663527e-05,0.0031118460465222597,1.573520785314031e-05,9.415993190486915e-06,0.09982983767986298,0.05987364053726196,0.004355598706752062,0.0004249436024110764,0.017044536769390106,0.004737889394164085,0.8712702989578247,0.1872117668390274,0.001263235229998827,0.0004996424540877342,0.002412863541394472,0.0021580562461167574,0.0018632013816386461,0.0015806127339601517,6.747278575858218e-07,7.302620019800088e-07
1.7709852500047418e-06,0.06407914310693741,0.09830310940742493,0.0034458187874406576,0.057025980204343796,0.02185211330652237,5.1929450819443446e-06,1.3356924455365515e-07,2.1876968503420358e-07,0.07058890908956528,0.10166145116090775,0.3392269015312195,0.3304484486579895,0.12077757716178894,0.010739559307694435,0.05264245346188545,0.28507593274116516,0.026690389961004257,0.019442470744252205,0.1506490260362625,0.14524048566818237,0.016597939655184746,0.007950080558657646,2.6332554625696503e-06,0.003151720855385065,0.002038756152614951,3.915239631169243e-06,0.00025554359308443964,0.006716617848724127,0.0015020573046058416,0.004441987723112106,0.0075289164669811726,5.999876884743571e-05,0.0021704260725528,1.4606303921027575e-05,9.10077869775705e-06,0.11364651471376419,0.05690089240670204,0.003057898487895727,0.0005650758394040167,0.02165408991277218,0.006230444647371769,0.9047099351882935,0.21987979114055634,0.0013687238097190857,0.0005078238900750875,0.003252285998314619,0.0030212095007300377,0.0023731074761599302,0.0018885452300310135,6.463176873694465e-07,9.771433724381495e-07
1.5057677273944137e-06,0.05460228770971298,0.0743262767791748,0.0032155090011656284,0.06414537876844406,0.031011898070573807,5.5353561947413255e-06,1.29616282151801e-07,1.9340561152603186e-07,0.10457805544137955,0.10434798151254654,0.3596886694431305,0.34827858209609985,0.09963274002075195,0.01096686627715826,0.06529644876718521,0.29948848485946655,0.024837305769324303,0.017522800713777542,0.18402627110481262,0.1352013200521469,0.012494094669818878,0.007023409008979797,2.9462964903359534e-06,0.0039833164773881435,0.0018424498848617077,3.074085270782234e-06,0.0002162450982723385,0.005697154439985752,0.0016151928575709462,0.004862610716372728,0.007493798155337572,6.254130857996643e-05,0.004131336230784655,1.7102078345487826e-05,9.209074050886557e-06,0.11078536510467529,0.06501248478889465,0.0032806682866066694,0.00028036118601448834,0.019262516871094704,0.006073180120438337,0.8963246941566467,0.22283944487571716,0.0012345138238742948,0.00044014008017256856,0.003935544285923243,0.0022731099743396044,0.002270530443638563,0.0019789303187280893,6.946584676370549e-07,9.839050107984804e-07
1.6315207176376134e-06,0.07112672179937363,0.09819187968969345,0.003205542918294668,0.0495375394821167,0.02308284491300583,5.2061109272472095e-06,1.3071324644897686e-07,2.0142903167652548e-07,0.10792236030101776,0.08956722170114517,0.387885183095932,0.36566266417503357,0.11311546713113785,0.009065437130630016,0.06005270779132843,0.33020395040512085,0.021131126210093498,0.0156607236713171,0.16691142320632935,0.11874108016490936,0.011979595758020878,0.007812521420419216,2.8713457140838727e-06,0.003252384951338172,0.0016285249730572104,3.4500121728342492e-06,0.0001935450709424913,0.00727600883692503,0.0017611501971259713,0.003457937389612198,0.005568290129303932,6.869216304039583e-05,0.004684085492044687,1.430806969437981e-05,7.802447726135142e-06,0.11944438517093658,0.06432398408651352,0.0034245976712554693,0.00029687670757994056,0.015523041598498821,0.004952958784997463,0.9091612100601196,0.26446372270584106,0.001819523167796433,0.0006709372391924262,0.003599780146032572,0.0022736433893442154,0.00330849876627326,0.00274868868291378,6.914171990501927e-07,9.634520665713353e-07
1.597867822056287e-06,0.059207331389188766,0.09233018010854721,0.0043087671510875225,0.05557384341955185,0.021971413865685463,4.7578873818565626e-06,1.4423532945784245e-07,2.1051057785825833e-07,0.09001041948795319,0.08890914171934128,0.39200082421302795,0.36567506194114685,0.15125392377376556,0.009541835635900497,0.04177521541714668,0.2919103801250458,0.022203953936696053,0.01663815788924694,0.1643500030040741,0.13045920431613922,0.013994570821523666,0.008469143882393837,2.7725138806999894e-06,0.0027076390106230974,0.0017040384700521827,4.751516371470643e-06,0.00018953373364638537,0.0059833466075360775,0.0014210388762876391,0.005362078081816435,0.008397168479859829,6.596402090508491e-05,0.0024528144858777523,1.6264631994999945e-05,9.30986334424233e-06,0.10962998121976852,0.052983496338129044,0.003351719817146659,0.0005199259612709284,0.017861800268292427,0.004912468139082193,0.897483766078949,0.2541036307811737,0.001344747026450932,0.0004977505304850638,0.004087332170456648,0.002577871549874544,0.0021981324534863234,0.0019064296502619982,7.48350771573314e-07,9.662428510637255e-07
1.5180147556748125e-06,0.04449283704161644,0.0714244395494461,0.00416687922552228,0.07073991745710373,0.029480095952749252,4.7121220632107e-06,1.1389209930712241e-07,1.9705606746356352e-07,0.10766369104385376,0.09327708929777145,0.35635122656822205,0.3348817527294159,0.14349275827407837,0.012616274878382683,0.0410790778696537,0.2464652806520462,0.02594538778066635,0.02043817564845085,0.18466706573963165,0.13418783247470856,0.012054437771439552,0.00781489908695221,2.9426964829326607e-06,0.0025122284423559904,0.001606536447070539,4.9378745643480215e-06,0.00019255677761975676,0.007729746866971254,0.001335003413259983,0.003833115566521883,0.006292522419244051,6.70898734824732e-05,0.003566470229998231,1.6142585081979632e-05,9.587696695234627e-06,0.13028359413146973,0.05814086273312569,0.0033873184584081173,0.00034733739448711276,0.016528626903891563,0.0049286759458482265,0.8672276735305786,0.2010767012834549,0.0013869658578187227,0.0004937240737490356,0.003423766465857625,0.0024734956678003073,0.0017515200888738036,0.001380710513330996,8.119048402477347e-07,8.448869834865036e-07
1.3316393960849382e-06,0.05909949168562889,0.09066397696733475,0.0034172777086496353,0.058188486844301224,0.02698049135506153,4.579087544698268e-06,1.127714099879995e-07,2.001476104851463e-07,0.0823093131184578,0.0671234056353569,0.41739973425865173,0.3911089301109314,0.16740551590919495,0.012223207391798496,0.03569912537932396,0.2454051673412323,0.018956804648041725,0.016293933615088463,0.13560205698013306,0.11943502724170685,0.015509909018874168,0.010770577006042004,3.081437853325042e-06,0.00209882203489542,0.001495884032920003,4.530031674221391e-06,0.0001769287628121674,0.0051912711933255196,0.0013986361445859075,0.0066561405546963215,0.009608389809727669,5.5607692047487944e-05,0.0031970737036317587,1.754740151227452e-05,9.91456545307301e-06,0.12156270444393158,0.06328295171260834,0.0028382460586726665,0.0003285447892267257,0.0165187306702137,0.003997689578682184,0.8680486083030701,0.18757236003875732,0.001560690114274621,0.0006140547920949757,0.00555530097335577,0.0026340619660913944,0.0018517693970352411,0.0017383917002007365,6.845327789051225e-07,7.752727242404944e-07
1.8411697055853438e-06,0.03944152593612671,0.0633908286690712,0.007673082873225212,0.08088799566030502,0.030659394338726997,5.702505404769909e-06,1.656308370456827e-07,2.2313412273433642e-07,0.07181786000728607,0.09192542731761932,0.2834223806858063,0.27883848547935486,0.13777810335159302,0.009487872943282127,0.04740403965115547,0.30266493558883667,0.032307252287864685,0.026306916028261185,0.14994540810585022,0.14172472059726715,0.015898704528808594,0.009098581969738007,2.495050239303964e-06,0.0019717689137905836,0.0017726074438542128,4.405963409226388e-06,0.00019655111827887595,0.006151000969111919,0.001633784151636064,0.008971063420176506,0.01171710342168808,4.041030479129404e-05,0.0020793017465621233,1.4671583812742028e-05,8.05246236268431e-06,0.17209289968013763,0.07500637322664261,0.0014410101575776935,0.0005008726730011404,0.023350035771727562,0.005477468948811293,0.9270813465118408,0.2602803707122803,0.0028993121813982725,0.0010126382112503052,0.009800243191421032,0.0027829171158373356,0.0026294447015970945,0.002534454222768545,5.891516821066034e-07,9.804393812373746e-07
2.3124705421651015e-06,0.029885606840252876,0.06140545755624771,0.007031538058072329,0.10446268320083618,0.03168585151433945,7.35645289751119e-06,1.9964528519267333e-07,3.0412491014431e-07,0.06538692861795425,0.09057586640119553,0.22671662271022797,0.23738741874694824,0.08791773021221161,0.008452067151665688,0.07929721474647522,0.35257965326309204,0.04169873520731926,0.03218802437186241,0.16322588920593262,0.15394850075244904,0.018363861367106438,0.009717658162117004,2.747005282799364e-06,0.0020049584563821554,0.002460115123540163,5.435296316136373e-06,0.00031285674776881933,0.009963089600205421,0.0016544217942282557,0.00571961747482419,0.00829244963824749,4.2845673306146637e-05,0.0013810982927680016,1.4172983355820179e-05,9.62637750490103e-06,0.21223583817481995,0.06833934783935547,0.001319374656304717,0.0008752453722991049,0.031085744500160217,0.00855215359479189,0.9183240532875061,0.21846243739128113,0.0030719623900949955,0.0009998426539823413,0.006946660112589598,0.0029500885866582394,0.0026713949628174305,0.0022104871459305286,5.647555099130841e-07,1.2807972780137789e-06
2.229619212812395e-06,0.04796075075864792,0.07018691301345825,0.006040953565388918,0.0663456916809082,0.02985180728137493,6.296306764852488e-06,1.8350696961988433e-07,2.484146932602016e-07,0.0739305317401886,0.09207375347614288,0.26219749450683594,0.26320910453796387,0.11873868107795715,0.010821440257132053,0.05491383373737335,0.28784069418907166,0.03649482876062393,0.029144542291760445,0.17167004942893982,0.15191857516765594,0.015740418806672096,0.009084547869861126,2.9062341582175577e-06,0.0017324332147836685,0.0016620109090581536,4.3839672798640095e-06,0.00019388306827750057,0.006812988314777613,0.001382474903948605,0.012887170538306236,0.016694728285074234,3.782971907639876e-05,0.0012794428039342165,1.4224792721506674e-05,8.581382644479163e-06,0.20735116302967072,0.0631108209490776,0.0010353324469178915,0.0007735220715403557,0.02049410715699196,0.005199984181672335,0.9207953810691833,0.25897353887557983,0.004090247675776482,0.0012824026634916663,0.013607963919639587,0.00337440543808043,0.0036222138442099094,0.0031159536447376013,6.506238037218282e-07,1.2126715773774777e-06
2.3033935576677322e-06,0.03136077895760536,0.0829726979136467,0.00796645600348711,0.09101881831884384,0.024055201560258865,6.975082669669064e-06,2.209654610396683e-07,2.9090577413626306e-07,0.06927908211946487,0.10627897083759308,0.24375903606414795,0.24738800525665283,0.08435715734958649,0.009801770560443401,0.08133334666490555,0.32536065578460693,0.039506830275058746,0.03094298392534256,0.15560655295848846,0.18314217031002045,0.016971779987215996,0.00839807279407978,3.565234692359809e-06,0.0016602269606664777,0.001698977081105113,4.637046458810801e-06,0.00022445897047873586,0.00832553580403328,0.001317654736340046,0.012694098986685276,0.01837035082280636,3.866177212330513e-05,0.000989105668850243,1.5584420907543972e-05,1.0486812243470922e-05,0.19755412638187408,0.05906332656741142,0.0010894716251641512,0.0009747903095558286,0.02055496908724308,0.004721796605736017,0.9039639830589294,0.22667942941188812,0.004494601860642433,0.001505478983744979,0.011007719673216343,0.004809957928955555,0.003930328413844109,0.003051681211218238,7.392436032205296e-07,1.547981582916691e-06
2.033317969107884e-06,0.032043591141700745,0.06920623779296875,0.0071370964869856834,0.0911620557308197,0.027521992102265358,5.803226031275699e-06,1.886682667873174e-07,2.2778993979954976e-07,0.08096528798341751,0.12274496257305145,0.2305334359407425,0.23333637416362762,0.1042773500084877,0.008322281762957573,0.0683010146021843,0.3470936417579651,0.04207438603043556,0.03353755548596382,0.1624230146408081,0.1822391003370285,0.014600848779082298,0.006932910997420549,3.3224548587895697e-06,0.0018170705297961831,0.0014320967020466924,5.1636466196214315e-06,0.00023247726494446397,0.008945789188146591,0.0011677414877340198,0.00653075473383069,0.00917830504477024,6.606839451706037e-05,0.001769110094755888,1.2346142284513917e-05,8.509318831784185e-06,0.1759592890739441,0.0457816906273365,0.002450538333505392,0.0007222348940558732,0.013612894341349602,0.0032591407652944326,0.8881556987762451,0.2356756031513214,0.00384370144456625,0.0011935846414417028,0.008488975465297699,0.0028419962618499994,0.0034390371292829514,0.0025121280923485756,8.151082511176355e-07,1.1532878261277801e-06
1.702807139736251e-06,0.030521338805556297,0.07127155363559723,0.009972378611564636,0.08630601316690445,0.025204002857208252,4.680690381064778e-06,1.3651003882841906e-07,1.9288893327029655e-07,0.059322964400053024,0.10136836022138596,0.23918096721172333,0.2549757659435272,0.11926190555095673,0.010750224813818932,0.05463438481092453,0.2935914695262909,0.04154036566615105,0.03221632167696953,0.15194153785705566,0.16228298842906952,0.02012036181986332,0.008546342141926289,2.497625928299385e-06,0.002822302747517824,0.0017954553477466106,4.5504079935199115e-06,0.0003294848429504782,0.008459610864520073,0.001277789007872343,0.002409572945907712,0.0034900980535894632,9.83005520538427e-05,0.003696219762787223,1.1030504538211972e-05,7.2339394137088675e-06,0.12786723673343658,0.039715878665447235,0.006449501495808363,0.0005019093514420092,0.0154217928647995,0.004046143963932991,0.8859517574310303,0.2155938446521759,0.0015915199182927608,0.0005004575359635055,0.003662192728370428,0.0014909910969436169,0.0023734550923109055,0.0017341370694339275,7.08350626155152e-07,7.642620403203182e-07
1.680628770373005e-06,0.02805079147219658,0.07375026494264603,0.007968167774379253,0.1019492819905281,0.02696290984749794,4.575752427626867e-06,1.8385239286544675e-07,1.9125612027437455e-07,0.06958289444446564,0.1145312562584877,0.2236417531967163,0.23069730401039124,0.10349634289741516,0.007733332458883524,0.06736414134502411,0.35879701375961304,0.04218678921461105,0.034077517688274384,0.15610788762569427,0.19877120852470398,0.01596810296177864,0.007700317073613405,2.3997090465854853e-06,0.00209675170481205,0.0016908628167584538,5.467560640681768e-06,0.00025833206018432975,0.005832609720528126,0.0013231232296675444,0.004544886294752359,0.00657265679910779,7.348103827098384e-05,0.0024786819703876972,1.221912225446431e-05,6.91784634909709e-06,0.09694960713386536,0.04355550557374954,0.004637415520846844,0.0006106240907683969,0.01550168264657259,0.0036065441090613604,0.9107092618942261,0.261910617351532,0.0014877638313919306,0.0005608005449175835,0.004315505735576153,0.002210154663771391,0.002848847536370158,0.002549719298258424,6.751050136699632e-07,9.215233376380638e-07
1.739755020935263e-06,0.0273129865527153,0.06467106193304062,0.011508584022521973,0.09612827003002167,0.02915090322494507,4.331166110205231e-06,1.589390450362771e-07,2.1235271674413525e-07,0.052418723702430725,0.09009131044149399,0.22703063488006592,0.24242189526557922,0.12229080498218536,0.009532404132187366,0.054192014038562775,0.31430453062057495,0.043118275701999664,0.03386751189827919,0.15052179992198944,0.14444532990455627,0.022027980536222458,0.009861527942121029,2.1745122467109468e-06,0.0024125792551785707,0.0016816060524433851,4.5368624341790564e-06,0.0002816323540173471,0.006539298687130213,0.001009389292448759,0.004372835159301758,0.0064663658849895,7.64282958698459e-05,0.0031280776020139456,1.0163065780943725e-05,6.584157745237462e-06,0.09952498227357864,0.03285786136984825,0.00596690084785223,0.0005315523012541234,0.015716806054115295,0.0034093796275556087,0.9219692945480347,0.26787322759628296,0.0013218139065429568,0.0004355026758275926,0.004171902313828468,0.0021191611886024475,0.003068008925765753,0.002349782967939973,7.333453027058567e-07,8.294514373119455e-07
1.6174507209143485e-06,0.0299190916121006,0.06793312728404999,0.009657611139118671,0.09556601196527481,0.028453489765524864,3.97352914660587e-06,1.4948065540920652e-07,1.9095304537586344e-07,0.06254708766937256,0.10164830088615417,0.21484345197677612,0.23064909875392914,0.10588859021663666,0.009302675724029541,0.06476174294948578,0.3284966051578522,0.04491475224494934,0.03534289076924324,0.15604379773139954,0.15663747489452362,0.01841716282069683,0.008617478422820568,2.1149328404135304e-06,0.0025318723637610674,0.0015730919549241662,5.47697527508717e-06,0.00029074904159642756,0.006756625138223171,0.0010636248625814915,0.0023074315395206213,0.003410395933315158,0.00010563769319560379,0.0026195417158305645,9.013453563966323e-06,5.99762915953761e-06,0.08328750729560852,0.026255108416080475,0.01048219483345747,0.0008953310898505151,0.011666489765048027,0.0030844327993690968,0.9058626890182495,0.26197725534439087,0.0011070367181673646,0.0003664784599095583,0.002918615471571684,0.0014674628619104624,0.002895697485655546,0.0022768941707909107,8.374634035135387e-07,7.4014025130964e-07
1.2767533235091832e-06,0.03677922487258911,0.0695328414440155,0.008320104330778122,0.08575078845024109,0.03375091031193733,4.600754436978605e-06,1.333835371042369e-07,1.882730202851235e-07,0.04594160616397858,0.07375659793615341,0.2771235704421997,0.2766641080379486,0.13271166384220123,0.010481363162398338,0.04804214462637901,0.28376108407974243,0.031454041600227356,0.02600153163075447,0.11725509911775589,0.11222556978464127,0.023231860250234604,0.011257297359406948,3.3388926112820627e-06,0.0018140111351385713,0.0011506830342113972,4.4002567847201135e-06,0.00016959129425231367,0.004280280787497759,0.0011325834784656763,0.006851314567029476,0.00844943430274725,8.783615339780226e-05,0.001853007241152227,1.653318940952886e-05,1.0050690434582066e-05,0.09638278931379318,0.03405594453215599,0.0054534547962248325,0.0008003822294995189,0.009536085650324821,0.0022291415371000767,0.8290547728538513,0.20804989337921143,0.0016423920169472694,0.0005921777919866145,0.00738618616014719,0.0017388957785442472,0.0030910465866327286,0.0029483626130968332,9.965981462300988e-07,7.765224836475682e-07
1.3862871810488286e-06,0.03792182728648186,0.06901849806308746,0.008129524998366833,0.08244404941797256,0.033619996160268784,4.440795692062238e-06,1.429497444860317e-07,1.8845696558855707e-07,0.05016124248504639,0.09870927780866623,0.2394782304763794,0.25113582611083984,0.11595382541418076,0.009913329035043716,0.05604686588048935,0.3002086579799652,0.0373917780816555,0.0298343263566494,0.13131292164325714,0.13678734004497528,0.021301394328475,0.008555809035897255,3.4076404062943766e-06,0.0017271380638703704,0.0011416873894631863,5.033450179325882e-06,0.00017592932272236794,0.004519399721175432,0.0009287241264246404,0.00686971889808774,0.009308197535574436,9.353722271043807e-05,0.0017376578180119395,1.5953119145706296e-05,1.0376951649959665e-05,0.08946237713098526,0.029787100851535797,0.005977909546345472,0.00079964695032686,0.009609047323465347,0.0021486834157258272,0.8288299441337585,0.19503937661647797,0.0013869097456336021,0.0004976231721229851,0.005729127675294876,0.0021554643753916025,0.002735382178798318,0.002349130343645811,1.0627738902257988e-06,8.517880019098811e-07
1.1918949667233392e-06,0.03595157712697983,0.07330113649368286,0.006682951934635639,0.08817422389984131,0.03272519260644913,4.031970547657693e-06,1.1776152319953326e-07,1.7918287653628795e-07,0.0491100512444973,0.078761987388134,0.2645280063152313,0.2676450312137604,0.14402250945568085,0.009599721990525723,0.0435803048312664,0.2908565402030945,0.0329468660056591,0.027396252378821373,0.12209157645702362,0.11857987940311432,0.022326486185193062,0.01038668304681778,2.6742459340312053e-06,0.0022086810786277056,0.0013762533199042082,5.769009021605598e-06,0.00018987197836395353,0.004758217837661505,0.00118382612708956,0.0028909167740494013,0.003843289101496339,0.00012197995965834707,0.0026416778564453125,1.6127612980199046e-05,9.471570592722856e-06,0.07767214626073837,0.03131173551082611,0.010202123783528805,0.0007360763847827911,0.011278110556304455,0.0028556380420923233,0.8347307443618774,0.20591045916080475,0.0008443426922895014,0.0003097000590059906,0.0035085382405668497,0.001153774792328477,0.002128771273419261,0.0020271402318030596,9.358058150610304e-07,6.047887382010231e-07
1.3079321661280119e-06,0.04165910929441452,0.07930878549814224,0.005157692823559046,0.08332380652427673,0.029915669932961464,4.567185897030868e-06,1.353025993466872e-07,1.7329396939658182e-07,0.05110355466604233,0.08010265976190567,0.27235472202301025,0.27635860443115234,0.13127058744430542,0.008899331092834473,0.049775272607803345,0.31187883019447327,0.03241090103983879,0.02563096024096012,0.13567456603050232,0.1224716305732727,0.022177236154675484,0.009974299930036068,3.142363766528433e-06,0.0018824413418769836,0.0013628093292936683,5.672803126799408e-06,0.00021136236318852752,0.0036657333839684725,0.0012696863850578666,0.005012966226786375,0.006604237016290426,0.00010300101712346077,0.002269546501338482,1.81773957592668e-05,9.554545613355003e-06,0.07991155982017517,0.042178910225629807,0.006483764853328466,0.0006654606550000608,0.010533061809837818,0.002503190888091922,0.8292906880378723,0.20433111488819122,0.0011934072244912386,0.0005075521185062826,0.004740097559988499,0.00177067203912884,0.0023288733791559935,0.0024078842252492905,8.788970831119514e-07,7.612360377606819e-07
1.2578668702190043e-06,0.0323423370718956,0.06893134117126465,0.0075338417664170265,0.09458272159099579,0.03319491818547249,4.1840617086563725e-06,1.316910811510752e-07,1.7235763039025187e-07,0.055118732154369354,0.08843819051980972,0.2507295310497284,0.25787270069122314,0.1393744796514511,0.009015536867082119,0.04659382626414299,0.3090682029724121,0.035429030656814575,0.028802338987588882,0.13562563061714172,0.12032755464315414,0.020288312807679176,0.00890847947448492,2.585798029031139e-06,0.0020627996418625116,0.0014974231598898768,6.176846000016667e-06,0.00022898739553056657,0.004416694398969412,0.0012187125394120812,0.0033223885111510754,0.004562671296298504,0.00011362160148564726,0.0029597613029181957,1.5794490536791272e-05,8.696558325027581e-06,0.06821534782648087,0.034090712666511536,0.009659736417233944,0.00059373868862167,0.012491623871028423,0.002590545453131199,0.8617003560066223,0.2203931212425232,0.0008784052333794534,0.00034935266012325883,0.003362813265994191,0.0014143894659355283,0.00220653903670609,0.0021009142510592937,8.489107585774036e-07,6.334022373266635e-07
1.1848636631839327e-06,0.030127407982945442,0.0627455785870552,0.00759541429579258,0.10191690176725388,0.03755871579051018,4.908530172542669e-06,1.4328810493680066e-07,1.9888135227574821e-07,0.05253686383366585,0.07528641074895859,0.26494789123535156,0.27132648229599,0.11404985934495926,0.0075206393375992775,0.06064057722687721,0.3564259111881256,0.031988538801670074,0.025542711839079857,0.13253214955329895,0.11564209312200546,0.022442838177084923,0.01030078623443842,3.2892164654185763e-06,0.002373249502852559,0.0014004636323079467,4.793032530869823e-06,0.00018944933253806084,0.005192227195948362,0.0011087264865636826,0.004007745999842882,0.005354154389351606,0.00010639781976351514,0.0030728226993232965,1.9362154489499517e-05,1.1763926522689871e-05,0.08520665764808655,0.03376857563853264,0.008434111252427101,0.0005213088006712496,0.012803826481103897,0.002742655109614134,0.8311525583267212,0.194642573595047,0.000956978474278003,0.00033419893588870764,0.004342411179095507,0.0013633448397740722,0.002309986390173435,0.0020857302006334066,9.421736422154936e-07,7.75130786223599e-07
1.1754782462958246e-06,0.04039613902568817,0.0705549567937851,0.005852872971445322,0.07799903303384781,0.035171110183000565,4.429865384736331e-06,1.3022500411352667e-07,1.6938345481776196e-07,0.06002502515912056,0.07632172107696533,0.30708223581314087,0.3041400909423828,0.12573973834514618,0.00875145848840475,0.05241430923342705,0.32120978832244873,0.028574354946613312,0.021832721307873726,0.15755341947078705,0.12072290480136871,0.020280135795474052,0.009496979415416718,3.1692450193077093e-06,0.002202889882028103,0.0013386269565671682,4.789043941855198e-06,0.0001832963025663048,0.004275706596672535,0.0011324012884870172,0.004449359141290188,0.006214483175426722,9.923218749463558e-05,0.003731094766408205,1.8985962014994584e-05,1.0682095307856798e-05,0.06880342215299606,0.03597375005483627,0.008738867938518524,0.000389987719245255,0.01192505843937397,0.0023343143984675407,0.8426785469055176,0.20341792702674866,0.000820973131339997,0.00032784987706691027,0.003628023434430361,0.0016458907630294561,0.0023305693175643682,0.0022751844953745604,8.725332918402273e-07,7.271298727573594e-07
1.1170621974088135e-06,0.04268524423241615,0.07777921855449677,0.005282261408865452,0.0755210816860199,0.03271142393350601,4.152689143666066e-06,1.4649106105935061e-07,1.6435443228601798e-07,0.07188210636377335,0.08153632283210754,0.2790197432041168,0.26590198278427124,0.14915010333061218,0.007328579667955637,0.045930590480566025,0.34144577383995056,0.03148069605231285,0.027073081582784653,0.1529625803232193,0.13973401486873627,0.016370438039302826,0.008901895955204964,4.071453076903708e-06,0.0020896659698337317,0.0009672108571976423,4.729562988359248e-06,0.0001344188640359789,0.0034864034969359636,0.0010026877280324697,0.00677966233342886,0.009111250750720501,0.00011678139708237723,0.0028706288430839777,2.3600061467732303e-05,1.299563518841751e-05,0.06505293399095535,0.034570857882499695,0.009241452440619469,0.00046272928011603653,0.007935401052236557,0.0014766290551051497,0.7851964831352234,0.19817902147769928,0.0009810877963900566,0.00040838855784386396,0.004830563440918922,0.0019400063902139664,0.002354198368266225,0.002400783821940422,1.1704455573635641e-06,8.051687245824724e-07
1.0358425015510875e-06,0.041069045662879944,0.083286352455616,0.0046845367178320885,0.08073240518569946,0.028984783217310905,4.388890829432057e-06,1.2706770746717666e-07,1.5200284053662472e-07,0.05790943652391434,0.0862746387720108,0.3053976595401764,0.296972393989563,0.14331385493278503,0.008170838467776775,0.04562058672308922,0.3227260112762451,0.02813669666647911,0.022124074399471283,0.13514424860477448,0.1319584995508194,0.019687235355377197,0.008614102378487587,3.2148150239663664e-06,0.00224769813939929,0.001487715751864016,5.695439995179186e-06,0.00020509665773715824,0.0032398325856775045,0.001585833029821515,0.003836700227111578,0.004875836428254843,0.00011604884639382362,0.002696910174563527,2.2876511138747446e-05,1.175039324152749e-05,0.05610603094100952,0.039990030229091644,0.010185778141021729,0.000585548288654536,0.01271737925708294,0.0025022299960255623,0.811186671257019,0.18625450134277344,0.0007023735670372844,0.0003217440680600703,0.003325686790049076,0.0012634878512471914,0.001714950893074274,0.002068617846816778,8.117577294797229e-07,6.253808351175394e-07
1.2262000836926745e-06,0.05028143897652626,0.1055862158536911,0.0032855928875505924,0.068019799888134,0.023040933534502983,4.40097846876597e-06,1.3360428852138284e-07,1.848901547418791e-07,0.06167697161436081,0.07314886152744293,0.3042171895503998,0.29317665100097656,0.13332690298557281,0.0079826470464468,0.05009455606341362,0.3315221071243286,0.028092777356505394,0.022981630638241768,0.14266955852508545,0.13645879924297333,0.01932498626410961,0.009951172396540642,3.1143613341555465e-06,0.0019557387568056583,0.0018094211118295789,7.865463885536883e-06,0.0002504975418560207,0.004616434220224619,0.0014780217316001654,0.0027312878519296646,0.003984304144978523,0.00011350432032486424,0.003020967124029994,1.9943299776059575e-05,1.168832113762619e-05,0.06359019875526428,0.03962595760822296,0.009944937191903591,0.0005471637705340981,0.015933912247419357,0.003325702855363488,0.822266697883606,0.1756625771522522,0.0006390559719875455,0.0002910521870944649,0.002311472315341234,0.0015152494888752699,0.00140102650038898,0.0015404124278575182,7.055446076265071e-07,6.739792866028438e-07
1.1108994613096002e-06,0.058573026210069656,0.10015588998794556,0.0032737453002482653,0.06124390661716461,0.025352157652378082,3.7698016512877075e-06,1.1218177320415634e-07,1.672386957807248e-07,0.06635471433401108,0.06856049597263336,0.34574928879737854,0.3220205307006836,0.1640813946723938,0.009181252680718899,0.03794322907924652,0.2943340241909027,0.02469104342162609,0.020570682361721992,0.14023196697235107,0.12570077180862427,0.01792004704475403,0.010240277275443077,2.939212890851195e-06,0.0025044174399226904,0.0016450219554826617,5.631196927424753e-06,0.00021164750796742737,0.00401361845433712,0.0013041570782661438,0.003205151529982686,0.00497036287561059,0.00010842689516721293,0.005171962082386017,2.0057932488271035e-05,1.1276973054918926e-05,0.04989055544137955,0.037808556109666824,0.011921663768589497,0.00028332151123322546,0.015234737657010555,0.003014182671904564,0.8351519107818604,0.18545526266098022,0.000468460435513407,0.00021869491320103407,0.0019449255196377635,0.0017104401485994458,0.001503289444372058,0.0015828136820346117,7.3215107931901e-07,6.158766723274312e-07
1.040823349285347e-06,0.045188579708337784,0.09821213781833649,0.0038642683066427708,0.07139619439840317,0.02252858132123947,3.5192049381294055e-06,9.519889943021553e-08,1.4497561551252147e-07,0.05761486664414406,0.07596942782402039,0.3050667941570282,0.29183679819107056,0.19666852056980133,0.009655353613197803,0.029713496565818787,0.2722771167755127,0.029409658163785934,0.025318847969174385,0.12923164665699005,0.1380157470703125,0.019803106784820557,0.009522909298539162,2.198374659201363e-06,0.002444789744913578,0.002206143457442522,8.74988290888723e-06,0.0003224073152523488,0.004988865461200476,0.001749121700413525,0.0012132172705605626,0.001831447472795844,0.00012932057143189013,0.00599444005638361,1.6991791198961437e-05,9.099277122004423e-06,0.050138190388679504,0.042470671236515045,0.016515562310814857,0.00032917215139605105,0.020575257018208504,0.004119635093957186,0.8493349552154541,0.16666311025619507,0.00038304750341922045,0.00018091282981913537,0.001234161201864481,0.0009596096351742744,0.000848713330924511,0.000925619387999177,5.512085863301763e-07,4.12294525631296e-07
1.1579982128750999e-06,0.05948881804943085,0.11883733421564102,0.0028562084771692753,0.05795520171523094,0.019511783495545387,4.013697434857022e-06,9.036281767293985e-08,1.716044835120556e-07,0.05641806498169899,0.07529032230377197,0.306954950094223,0.29703158140182495,0.16218149662017822,0.009659864008426666,0.037482261657714844,0.28401103615760803,0.028187096118927002,0.02343374863266945,0.12606406211853027,0.1349102109670639,0.02011816017329693,0.009555405005812645,2.4277831016661366e-06,0.0029744356870651245,0.002788414480164647,8.376955520361662e-06,0.000389634893508628,0.007339143194258213,0.00196169875562191,0.0007723579183220863,0.00133028335403651,0.0001398354215780273,0.006649842020124197,1.7771977582015097e-05,1.0771246707008686e-05,0.058175355195999146,0.04699554294347763,0.014749020338058472,0.0002912225900217891,0.026726314797997475,0.00663630198687315,0.8252156376838684,0.13687913119792938,0.000366649852367118,0.00017113480134867132,0.0008019101805984974,0.001011477317661047,0.000709693762473762,0.000719598785508424,4.877020955973421e-07,4.672055240462214e-07
1.0756338042483549e-06,0.05733752250671387,0.12172318249940872,0.003022190649062395,0.05784185975790024,0.01878916099667549,3.766851250475156e-06,9.452798366282877e-08,1.6058191931733745e-07,0.06551549583673477,0.08797267079353333,0.30813276767730713,0.2949923872947693,0.17048178613185883,0.009992280043661594,0.035415612161159515,0.2771660089492798,0.02789904922246933,0.024377934634685516,0.11797883361577988,0.15279296040534973,0.017157990485429764,0.008452457375824451,2.4573801056249067e-06,0.0029374673031270504,0.002558090491220355,8.605411494500004e-06,0.00034220810630358756,0.00626975717023015,0.001717555453069508,0.000882387685123831,0.0014500790275633335,0.00014091494085732847,0.006356456317007542,1.9744520614040084e-05,1.1287129382253624e-05,0.05426986515522003,0.04137066751718521,0.016651328653097153,0.00031706836307421327,0.02469463273882866,0.005725029855966568,0.8247001767158508,0.14748209714889526,0.00032091050525195897,0.00014235299022402614,0.0009058628929778934,0.0009124820935539901,0.0008179862634278834,0.0008054255740717053,5.532319846679457e-07,4.434936329289485e-07
1.1658892162813572e-06,0.052791621536016464,0.12055100500583649,0.0033640970941632986,0.06312817335128784,0.01922510750591755,3.899610874213977e-06,1.1880619865678455e-07,1.8562919024134317e-07,0.0660317987203598,0.06829289346933365,0.31045782566070557,0.2851235568523407,0.18327192962169647,0.007224250119179487,0.035039301961660385,0.3269498944282532,0.026345113292336464,0.024103907868266106,0.1205039769411087,0.13404424488544464,0.016872519627213478,0.010449464432895184,2.745554411376361e-06,0.0027369537856429815,0.00236118002794683,9.139378562394995e-06,0.000306519417790696,0.006174013949930668,0.0016402042238041759,0.000986306113190949,0.0016987239941954613,0.00015499968139920384,0.005356912966817617,2.1521633243537508e-05,1.260923090740107e-05,0.05481449142098427,0.04268273338675499,0.015331895090639591,0.0003863567253574729,0.020422177389264107,0.004778752103447914,0.8129045367240906,0.17366701364517212,0.00039859689422883093,0.00018878882110584527,0.0009256392368115485,0.0011533567449077964,0.0010684396838769317,0.0010515220928937197,6.377786121447571e-07,5.507404239324387e-07
1.0798456742122653e-06,0.06909588724374771,0.144271582365036,0.0030054801609367132,0.04859064519405365,0.0162806399166584,3.9720362110529095e-06,9.143862911287215e-08,1.6604218444626895e-07,0.07978734374046326,0.07989584654569626,0.3758988380432129,0.3455932140350342,0.16682901978492737,0.011492917314171791,0.03537962585687637,0.25306349992752075,0.020907824859023094,0.01840825192630291,0.11832059919834137,0.1347377896308899,0.014306643977761269,0.00855635292828083,2.716858944040723e-06,0.0034744583535939455,0.0026917271316051483,6.92555659043137e-06,0.00036541407462209463,0.005394674837589264,0.0024200789630413055,0.0008694526623003185,0.0014046123251318932,0.00014316565648186952,0.005695191211998463,2.136719376721885e-05,1.162639819085598e-05,0.05752403289079666,0.060166094452142715,0.012784632854163647,0.0003541720216162503,0.023700227960944176,0.006190760061144829,0.7987416386604309,0.14343613386154175,0.00043388103949837387,0.00022789683134760708,0.0009240205981768668,0.0010271790670230985,0.0007899965858086944,0.0009046777850016952,5.254411235000589e-07,4.851872290601023e-07
1.2576376775541576e-06,0.06008387729525566,0.11162184178829193,0.004067427013069391,0.05498655140399933,0.02244504541158676,4.0459144656779245e-06,1.127620592455969e-07,1.9293031527922722e-07,0.07189635187387466,0.0747537761926651,0.3599279820919037,0.3291962742805481,0.19976457953453064,0.008925139904022217,0.030508989468216896,0.283693790435791,0.022651875391602516,0.019892703741788864,0.12234259396791458,0.12706132233142853,0.015970313921570778,0.009342694655060768,2.9329914923437173e-06,0.0024328448344022036,0.0019626428838819265,6.189789928612299e-06,0.0002622943138703704,0.005746063310652971,0.0013123370008543134,0.002217154251411557,0.0038287483621388674,0.00010482679499546066,0.004187010694295168,1.9571934899431653e-05,1.2386924936436117e-05,0.07111464440822601,0.044952377676963806,0.009082428179681301,0.00035729273804463446,0.019512848928570747,0.0037057986482977867,0.8264145851135254,0.1644054353237152,0.0006301975809037685,0.0002855448692571372,0.0016882463824003935,0.002059381455183029,0.0013649994507431984,0.0012526297941803932,6.804154963901965e-07,6.140750201666378e-07
1.2376477798170527e-06,0.063627228140831,0.12305724620819092,0.003685835050418973,0.0513259582221508,0.01954733580350876,3.91748017136706e-06,1.0794693139359879e-07,2.0247463794476062e-07,0.06937127560377121,0.07362619787454605,0.34469160437583923,0.31737565994262695,0.19620013236999512,0.008581273257732391,0.03150879219174385,0.29241135716438293,0.024432385340332985,0.021220102906227112,0.12701749801635742,0.12859080731868744,0.01672770082950592,0.00945859681814909,2.97357041745272e-06,0.002560339868068695,0.0021512878593057394,6.939241302461596e-06,0.00030079903081059456,0.006409868132323027,0.0013639384415000677,0.0017023715190589428,0.0030564756598323584,0.0001157428341684863,0.004267697688192129,1.92675506696105e-05,1.2968460396223236e-05,0.06634223461151123,0.04273585230112076,0.010871210135519505,0.0003675501502584666,0.021431906148791313,0.004184188321232796,0.8068724274635315,0.13662534952163696,0.0004952712333761156,0.00023043333203531802,0.0012530586682260036,0.0019678673706948757,0.0009711651946417987,0.0008866666466929018,6.51667676265788e-07,5.982223569844791e-07
1.1707649036907242e-06,0.06896451115608215,0.1220647320151329,0.002583908149972558,0.0510505810379982,0.021285083144903183,3.7909353522991296e-06,1.0803323391428421e-07,1.8114519662049133e-07,0.07895497232675552,0.06583450734615326,0.33960917592048645,0.3107054531574249,0.1811266839504242,0.01042154524475336,0.03355470672249794,0.26808688044548035,0.024993082508444786,0.022686008363962173,0.13845151662826538,0.1303568333387375,0.015103082172572613,0.010149997659027576,2.8385511541273445e-06,0.00336568639613688,0.0020063805859535933,5.247963144938694e-06,0.00025140654179267585,0.00414689164608717,0.0013704480370506644,0.0027746735140681267,0.004434523172676563,0.00010581361129879951,0.005885212682187557,2.0853114619967528e-05,1.1700588402163703e-05,0.053072333335876465,0.04306724667549133,0.011049915105104446,0.00024198585015255958,0.019769953563809395,0.003975933417677879,0.8388649225234985,0.1745723932981491,0.0004219927068334073,0.0001938178320415318,0.0017255536513403058,0.0017000578809529543,0.0011239293962717056,0.0011816651094704866,6.476603289229388e-07,5.865845764674305e-07
1.3674213050762773e-06,0.0626879632472992,0.11887683719396591,0.003313882276415825,0.056018196046352386,0.020805759355425835,4.200593593850499e-06,1.4045207308299723e-07,2.0128635469518485e-07,0.06673809885978699,0.07088601589202881,0.3503703474998474,0.33120784163475037,0.12078170478343964,0.012088023126125336,0.051169462502002716,0.267095148563385,0.02186410315334797,0.019980208948254585,0.11162552237510681,0.13975229859352112,0.01661798730492592,0.010511073283851147,2.6862489903578535e-06,0.0028267870657145977,0.0021613326389342546,5.537848210224183e-06,0.0002628185029607266,0.00387627468444407,0.001456811442039907,0.0035756651777774096,0.005465356633067131,9.33332703425549e-05,0.004391145892441273,1.977519968932029e-05,1.0312706763215829e-05,0.05737226828932762,0.04460642486810684,0.008344628848135471,0.0003522533515933901,0.02046489343047142,0.004331226926296949,0.8825823664665222,0.2464337944984436,0.0005672716652043164,0.00026226608315482736,0.0023492397740483284,0.0018130065873265266,0.0020762772765010595,0.002283372450619936,6.295756520557916e-07,7.023021453278488e-07
1.2221116776345298e-06,0.06357010453939438,0.12124592810869217,0.002670204732567072,0.05649079382419586,0.019993821159005165,4.044745310238795e-06,1.1125295173997074e-07,1.57756616658844e-07,0.06697787344455719,0.0725971907377243,0.3619231581687927,0.33989009261131287,0.13316309452056885,0.01388372853398323,0.043960198760032654,0.23982280492782593,0.022036109119653702,0.019258610904216766,0.1118745282292366,0.13153861463069916,0.01675916276872158,0.010031508281826973,2.2440588054450927e-06,0.0029212168883532286,0.002180306240916252,5.612474978988757e-06,0.0002782054361887276,0.003272800939157605,0.0021090081427246332,0.002809271216392517,0.0037168143317103386,9.356415830552578e-05,0.005258966237306595,1.7840664440882392e-05,7.853471288399305e-06,0.0555562898516655,0.05459275469183922,0.008865549229085445,0.00033237921888940036,0.019402123987674713,0.004536230582743883,0.8980481624603271,0.2589946389198303,0.000603211869020015,0.00029064592672511935,0.0026625406462699175,0.0011620611185207963,0.0017776087624952197,0.0023728669621050358,5.31947819126799e-07,5.221646688369219e-07
1.2463405028029229e-06,0.04309608414769173,0.11119290441274643,0.0033931436482816935,0.07973921298980713,0.02217847853899002,4.169268322584685e-06,1.4718675345193333e-07,1.66419809488616e-07,0.04987663775682449,0.06112923473119736,0.2989089787006378,0.2779626250267029,0.1612885594367981,0.008277060464024544,0.04140210896730423,0.32030901312828064,0.028459111228585243,0.025643208995461464,0.11485137045383453,0.13631269335746765,0.021269911900162697,0.012878507375717163,2.2923509277461562e-06,0.002108472166582942,0.0017641723388805985,7.000152436376084e-06,0.00022882588382344693,0.0029143651481717825,0.001975155435502529,0.004076153505593538,0.005034752190113068,8.885628631105646e-05,0.002264331793412566,1.6723450244171545e-05,7.249727332236944e-06,0.05821108818054199,0.04875095188617706,0.00676394160836935,0.000788173929322511,0.014268206432461739,0.0033741870429366827,0.8924578428268433,0.2804884910583496,0.000923076004255563,0.0004487273399718106,0.004246826749294996,0.0013357748975977302,0.002168945735320449,0.0030051071662455797,5.976338570690132e-07,6.020633236403228e-07
1.0792341527121607e-06,0.038580670952796936,0.09372450411319733,0.0034188576973974705,0.09213032573461533,0.02651796117424965,3.775029199459823e-06,1.185389919555746e-07,1.6600451147041895e-07,0.05342739075422287,0.06380261480808258,0.26311466097831726,0.24495816230773926,0.18114976584911346,0.007255293428897858,0.036744922399520874,0.33669036626815796,0.03305327147245407,0.030929580330848694,0.11234502494335175,0.11785656213760376,0.02067277580499649,0.01215889398008585,2.0913378193654353e-06,0.002545612398535013,0.001961946254596114,7.176961389632197e-06,0.00024952355306595564,0.0035365985240787268,0.0017801887588575482,0.0024481075815856457,0.0032035948242992163,0.0001039358539856039,0.004204001743346453,1.72327236214187e-05,8.096771125565283e-06,0.0529683493077755,0.04323767498135567,0.011671461164951324,0.0004688071203418076,0.017561763525009155,0.004144001752138138,0.8794803023338318,0.2288457751274109,0.0004888593684881926,0.00022370091755874455,0.0024866294115781784,0.0009766382863745093,0.001358340377919376,0.0017689637606963515,6.119785211922135e-07,4.889711249234097e-07
1.0928205256277579e-06,0.047447141259908676,0.10980813950300217,0.00315662520006299,0.07660163938999176,0.023608416318893433,3.890680545737268e-06,1.1943805588998657e-07,1.8725270933828142e-07,0.06234118714928627,0.061188705265522,0.3468303084373474,0.31699782609939575,0.19084836542606354,0.007790200877934694,0.0334695428609848,0.3171396851539612,0.02279837802052498,0.02115955576300621,0.10676796734333038,0.11107176542282104,0.018644969910383224,0.012326687574386597,2.2368133159034187e-06,0.0026760841719806194,0.0019832521211355925,6.3520164985675365e-06,0.0002230349782621488,0.003603200661018491,0.0016938275657594204,0.0028213488403707743,0.003796704113483429,9.443939052289352e-05,0.0036674407310783863,1.915823668241501e-05,9.431891157873906e-06,0.062392037361860275,0.04739488288760185,0.009386315941810608,0.0005249888054095209,0.01912316307425499,0.004667071625590324,0.8749788999557495,0.22653213143348694,0.0005110647180117667,0.00022893388813827187,0.0025951629504561424,0.0011251377873122692,0.0015008770860731602,0.0018299120711162686,6.537392778227513e-07,5.553745268116472e-07
1.065708033820556e-06,0.04733003303408623,0.0915013998746872,0.003633527783676982,0.07576929032802582,0.02816019020974636,4.072183401149232e-06,1.1051019299657128e-07,1.5922289264835854e-07,0.047629214823246,0.07122625410556793,0.35141339898109436,0.3242289125919342,0.25147679448127747,0.008591922000050545,0.023174608126282692,0.278850793838501,0.025335561484098434,0.02117627114057541,0.11865891516208649,0.11920779943466187,0.023197125643491745,0.011346257291734219,2.635038981679827e-06,0.0021081219892948866,0.0014864681288599968,5.297584721120074e-06,0.00017512630438432097,0.0029647976625710726,0.0014436837518587708,0.006220865063369274,0.007677244022488594,7.996323984116316e-05,0.0016894523287191987,2.2032289052731358e-05,1.076008629752323e-05,0.0688326507806778,0.04089876636862755,0.006120556965470314,0.0008639435400255024,0.014044094830751419,0.0031809790525585413,0.8411540985107422,0.20320133864879608,0.0007742762099951506,0.00033197764423675835,0.004918471444398165,0.0014511400368064642,0.0019486926030367613,0.002396322786808014,7.733469260529091e-07,5.739260586778983e-07
1.1367110346327536e-06,0.05292384698987007,0.09911546856164932,0.003557804739102721,0.06526444852352142,0.023715680465102196,3.989202468801523e-06,1.1271023225845056e-07,1.4049399510440708e-07,0.06684714555740356,0.0856013223528862,0.3365490436553955,0.3172001540660858,0.1647600680589676,0.011742607690393925,0.03611811622977257,0.25458651781082153,0.02680905908346176,0.021989790722727776,0.1408361792564392,0.13351859152317047,0.017612703144550323,0.008878015913069248,2.508917759769247e-06,0.0020316492300480604,0.0016390623059123755,6.343480436044047e-06,0.0001954209292307496,0.0027984976768493652,0.0014586729230359197,0.00541873462498188,0.006701593287289143,8.309611439472064e-05,0.002572522731497884,1.9803432223852724e-05,9.034220056491904e-06,0.05728904902935028,0.0402732789516449,0.007196404039859772,0.0005688773235306144,0.014699488878250122,0.0035324017517268658,0.865449070930481,0.23359674215316772,0.0006309024174697697,0.0002768087142612785,0.0040949247777462006,0.0012933778343722224,0.0018692067824304104,0.0024121555034071207,7.034778946035658e-07,5.691089768333768e-07
1.0985058906953782e-06,0.041970327496528625,0.08288577944040298,0.004197260364890099,0.08937060087919235,0.028469795361161232,4.058535978401778e-06,1.1456948101340458e-07,1.4374866452726565e-07,0.04360434412956238,0.07149358093738556,0.2988151013851166,0.292151540517807,0.1742383986711502,0.010224707424640656,0.03461737185716629,0.2719383239746094,0.030768554657697678,0.0245297159999609,0.1255491077899933,0.1134449690580368,0.025759315118193626,0.011140299960970879,2.3812203835404944e-06,0.0018249429995194077,0.001518436474725604,6.478094292106107e-06,0.00019927565881516784,0.002559077460318804,0.0014092749916017056,0.005979099776595831,0.006944337394088507,8.855978376232088e-05,0.0019468443933874369,1.9281114873592742e-05,8.710319889360107e-06,0.056935690343379974,0.03745554760098457,0.007904397323727608,0.0008122060098685324,0.01297640148550272,0.002873562043532729,0.8683118224143982,0.23360472917556763,0.0006942489417269826,0.00030353749752976,0.004917609971016645,0.0012005000608041883,0.0020853769965469837,0.0027134730480611324,7.445103165082401e-07,5.447249691314937e-07
1.1186581332367496e-06,0.036700572818517685,0.07160725444555283,0.0054276431910693645,0.0945325493812561,0.03208049759268761,3.705086555783055e-06,1.2206494659494638e-07,1.536954812308977e-07,0.04578767344355583,0.07273457199335098,0.2729392349720001,0.2752886414527893,0.17100484669208527,0.008787952363491058,0.03734251484274864,0.30229467153549194,0.03381844237446785,0.027636442333459854,0.13943369686603546,0.1234663650393486,0.024737348780035973,0.011420541442930698,2.3303005036723334e-06,0.001958404900506139,0.0014154958771541715,6.274786755966488e-06,0.0002068681496893987,0.003398435190320015,0.0011171512305736542,0.004412477370351553,0.005424242001026869,0.00010304257011739537,0.002169443294405937,1.4896003449393902e-05,7.772050594212487e-06,0.05953109264373779,0.02683204971253872,0.011052609421312809,0.0008352275472134352,0.011614169925451279,0.0026365695521235466,0.8597588539123535,0.21725834906101227,0.0006440746947191656,0.0002460904070176184,0.004264814779162407,0.001173251075670123,0.0020492139738053083,0.002079331548884511,8.088382514870318e-07,5.635159823214053e-07
1.235548552358523e-06,0.037295516580343246,0.0718073770403862,0.006101453676819801,0.08547400683164597,0.031097931787371635,4.0231402635981794e-06,1.351888272438373e-07,1.6612455056019826e-07,0.04781942069530487,0.07997400313615799,0.24146559834480286,0.2501278519630432,0.15556666254997253,0.009132427163422108,0.041332852095365524,0.3002900183200836,0.038323644548654556,0.03154044225811958,0.13535577058792114,0.1303820013999939,0.0230588186532259,0.010574580170214176,2.4542111987102544e-06,0.002142412355169654,0.0014438768848776817,5.694294031854952e-06,0.00019704745500348508,0.004099092911928892,0.0010432061972096562,0.0045313588343560696,0.005599485710263252,0.00010578516958048567,0.0023161680437624454,1.563543628435582e-05,8.861115929903463e-06,0.07052589952945709,0.025646865367889404,0.01016437541693449,0.0007661022827960551,0.012722134590148926,0.0027990846429020166,0.8687772154808044,0.23679563403129578,0.000743781216442585,0.0002491572522558272,0.004747060593217611,0.001148310722783208,0.002452687593176961,0.0022561647929251194,8.425294026892516e-07,6.05983302648383e-07
1.4899605957907625e-06,0.023084081709384918,0.07334024459123611,0.01116739958524704,0.10591587424278259,0.02590409852564335,4.511849965638248e-06,1.8033145465778944e-07,2.156992593427276e-07,0.05805128812789917,0.09919799864292145,0.22523880004882812,0.2379976063966751,0.11676647514104843,0.00978376530110836,0.05842820554971695,0.3104586601257324,0.04361927509307861,0.03526751697063446,0.14431197941303253,0.16453246772289276,0.020128576084971428,0.008993750438094139,3.1098322779143928e-06,0.0024174016434699297,0.0015786595176905394,4.531384092842927e-06,0.00029765552608296275,0.0051247356459498405,0.0007098314235918224,0.007733902893960476,0.010626249946653843,9.495364793110639e-05,0.002191830426454544,1.4751609342056327e-05,1.0545823897700757e-05,0.08566631376743317,0.021574221551418304,0.008753427304327488,0.000634281721431762,0.015018085017800331,0.002497832290828228,0.8701558709144592,0.19811874628067017,0.0009184643859043717,0.0002732538850978017,0.005601342301815748,0.0020544377621263266,0.002663586987182498,0.0018892040243372321,9.008323900161486e-07,8.858140176926099e-07
1.5100775954124401e-06,0.041393131017684937,0.07232732325792313,0.005847199819982052,0.07581141591072083,0.02887752279639244,3.7474312648555497e-06,1.4418692728668248e-07,2.0898394836876832e-07,0.05286899954080582,0.09804795682430267,0.2711908519268036,0.27894043922424316,0.1501009464263916,0.013000442646443844,0.04007376730442047,0.24377034604549408,0.035452380776405334,0.028599904850125313,0.13658970594406128,0.14240321516990662,0.02043767459690571,0.009308774024248123,2.2782217001804383e-06,0.0022250101901590824,0.0017816908657550812,6.696394393657101e-06,0.00027409251197241247,0.004189962055534124,0.0007403462077490985,0.006132216192781925,0.008624554611742496,9.289659647038206e-05,0.001731414464302361,1.2952935321663972e-05,8.423065082752146e-06,0.07529309391975403,0.022808387875556946,0.008896213956177235,0.0009343828423880041,0.017241017892956734,0.003357360605150461,0.8897950649261475,0.22067484259605408,0.0006110082613304257,0.00020448255236260593,0.004137261770665646,0.0019232843769714236,0.001696183462627232,0.0013556528137996793,8.307861776302161e-07,6.930842459951236e-07
1.7261586435779463e-06,0.032883454114198685,0.07151465117931366,0.007830790244042873,0.08662974089384079,0.028809918090701103,4.254338364262367e-06,1.5430940436544915e-07,2.397265461695497e-07,0.04625735059380531,0.08869005739688873,0.22090144455432892,0.23619267344474792,0.11346539109945297,0.012444115243852139,0.05553554743528366,0.26992398500442505,0.043623991310596466,0.03546420484781265,0.12802128493785858,0.13680408895015717,0.023633765056729317,0.010044149123132229,2.73294472208363e-06,0.0025299007538706064,0.0015766782453283668,5.0302255658607464e-06,0.0002744138182606548,0.006524517200887203,0.0006622826331295073,0.005022482480853796,0.00773570267483592,0.0001065359974745661,0.0035850380081683397,1.1758733307942748e-05,9.213976227329113e-06,0.08971279859542847,0.021999789401888847,0.010008570738136768,0.0004467058752197772,0.015215875580906868,0.0026351329870522022,0.8925290107727051,0.23692210018634796,0.0009473712416365743,0.00028559364727698267,0.0038398709148168564,0.002235619118437171,0.0024784705601632595,0.0016245541628450155,9.176759476758889e-07,8.064043868216686e-07
1.6947794847510522e-06,0.04930436611175537,0.08935904502868652,0.006272832863032818,0.06127999722957611,0.022817136719822884,3.6490432648861315e-06,1.3152603628441284e-07,2.0087156826775754e-07,0.06349460780620575,0.09939752519130707,0.2785293459892273,0.2755582332611084,0.13698728382587433,0.01681705191731453,0.04253484681248665,0.21081916987895966,0.034794051200151443,0.029049154371023178,0.13783101737499237,0.14894339442253113,0.01643487624824047,0.009038307704031467,2.3013185455056373e-06,0.0019679684191942215,0.0014805094106122851,7.184274636529153e-06,0.00023321765183936805,0.006161815952509642,0.0010982794919982553,0.0028538950718939304,0.004243760835379362,0.00010555169137660414,0.0014909039018675685,1.057530153047992e-05,6.881406079628505e-06,0.0920998677611351,0.0271808672696352,0.00788554735481739,0.0015597451711073518,0.011252272874116898,0.0028095929883420467,0.895881712436676,0.2742179334163666,0.0012429156340658665,0.00043877048301510513,0.0032539372332394123,0.0017330651171505451,0.0028880867175757885,0.0023160534910857677,9.205351716445875e-07,6.620908834520378e-07
1.5353375601989683e-06,0.05829378217458725,0.09254945069551468,0.006201013457030058,0.051891788840293884,0.021630655974149704,3.6043854834133526e-06,1.2490802703268855e-07,1.8553697600509622e-07,0.07605064660310745,0.10742039978504181,0.3120357096195221,0.3094804286956787,0.12066031247377396,0.01726691983640194,0.04777201637625694,0.2083369791507721,0.030198201537132263,0.02381625398993492,0.14962680637836456,0.13221041858196259,0.014906434342265129,0.007950058206915855,2.244398956463556e-06,0.002564405556768179,0.001876138150691986,7.1213817136595026e-06,0.0002948756155092269,0.004618945997208357,0.0011299197794869542,0.002624195534735918,0.003620494855567813,0.00011733191786333919,0.00213794456794858,1.1787172297772486e-05,6.859901986899786e-06,0.08022710680961609,0.02909023128449917,0.01007639430463314,0.001094503328204155,0.014185963198542595,0.00385407661087811,0.8805040717124939,0.23621535301208496,0.0007303094607777894,0.0002631168463267386,0.002906766952946782,0.00126260903198272,0.0017666715430095792,0.0015104057965800166,8.188035280909389e-07,6.313722451523063e-07
1.6343612969649257e-06,0.07452823966741562,0.11040854454040527,0.004621026571840048,0.04354151710867882,0.01870620809495449,3.7272295685397694e-06,1.3376555330069095e-07,1.8685990710309852e-07,0.08056802302598953,0.10499955713748932,0.35452497005462646,0.3408525288105011,0.07872878015041351,0.024226753041148186,0.0678388848900795,0.1688167303800583,0.025687213987112045,0.01974322646856308,0.14640897512435913,0.13260915875434875,0.014674372039735317,0.007772143464535475,2.611851414258126e-06,0.0021826676093041897,0.0017898747464641929,7.607637598994188e-06,0.000280082254903391,0.0035616171080619097,0.0009923592442646623,0.003918045666068792,0.005546323489397764,0.00011158773850183934,0.0023529131431132555,1.300848089158535e-05,7.2180901042884216e-06,0.07501381635665894,0.03159989416599274,0.008939449675381184,0.0008394558681175113,0.013390525244176388,0.0032981685362756252,0.8847137689590454,0.2518489360809326,0.0007392163970507681,0.00028719587135128677,0.0032925913110375404,0.001684450195170939,0.0019502363866195083,0.0017710133688524365,8.310397561217542e-07,7.181645855780516e-07
1.6285359834000701e-06,0.07687585055828094,0.11088287830352783,0.003916514106094837,0.043521612882614136,0.01885979063808918,4.080393409822136e-06,1.3656655539762141e-07,1.821212833874597e-07,0.08300374448299408,0.11517484486103058,0.33216914534568787,0.3251139521598816,0.08235650509595871,0.021285664290189743,0.06773100048303604,0.188815638422966,0.027385098859667778,0.021091081202030182,0.14730893075466156,0.13936597108840942,0.013779531233012676,0.007252547424286604,2.8765971364919096e-06,0.0021034812089055777,0.0017060692189261317,6.442883204726968e-06,0.0002709915570449084,0.003227215027436614,0.0011449640151113272,0.006016956642270088,0.007750178221613169,9.153789869742468e-05,0.002062184037640691,1.3334437426237855e-05,7.090507097018417e-06,0.08907118439674377,0.039484743028879166,0.005393001716583967,0.00077614322071895,0.013114161789417267,0.0033666719682514668,0.8775339126586914,0.23184886574745178,0.0011208244832232594,0.0004421974008437246,0.005299167241901159,0.001891131978482008,0.001879483344964683,0.0018624160438776016,7.633412906216108e-07,7.800041998962115e-07
1.6190788301173598e-06,0.08591292053461075,0.13224025070667267,0.003945470787584782,0.03795810043811798,0.015824317932128906,3.722916744663962e-06,1.2794613724054216e-07,1.7619443326566397e-07,0.08328444510698318,0.11524499207735062,0.3712191879749298,0.3549294173717499,0.09096934646368027,0.02596569061279297,0.05685288459062576,0.1548471748828888,0.02351497672498226,0.01905624009668827,0.12814180552959442,0.15259337425231934,0.013241837732493877,0.007215678226202726,2.5850042675301665e-06,0.002463515382260084,0.0017903678817674518,5.902691100345692e-06,0.0002567001210991293,0.0033357192296534777,0.0011565296445041895,0.0051460424438118935,0.006826760247349739,9.567878441885114e-05,0.00269788084551692,1.410315599059686e-05,7.207635007944191e-06,0.07949253171682358,0.03777250275015831,0.006669758819043636,0.0006497363210655749,0.014284980483353138,0.0035988891031593084,0.8929095268249512,0.27484074234962463,0.000900625076610595,0.0003537881711963564,0.004366839304566383,0.001719591673463583,0.0022250041365623474,0.0022167807910591364,7.475184133909352e-07,7.057020638967515e-07
1.7791244317777455e-06,0.08883680403232574,0.12489381432533264,0.0036518932320177555,0.03819441795349121,0.017409956082701683,3.815413947449997e-06,1.2625115175524115e-07,1.8450140260029002e-07,0.07745606452226639,0.10172118246555328,0.3518403172492981,0.336805522441864,0.09264448285102844,0.021100688725709915,0.05890638008713722,0.18451270461082458,0.025382740423083305,0.02013230137526989,0.13650576770305634,0.13930867612361908,0.014667796902358532,0.00803931150585413,2.33384344028309e-06,0.002299862913787365,0.0019850488752126694,7.217814527393784e-06,0.0003172828000970185,0.004121004603803158,0.0013448214158415794,0.002996995346620679,0.004423144273459911,0.00010276565444655716,0.0031040525063872337,1.1709139471349772e-05,6.067592039471492e-06,0.07999531179666519,0.04403971508145332,0.0073599014431238174,0.000638093741144985,0.014796756207942963,0.0039292266592383385,0.9012999534606934,0.2668289840221405,0.0009445651085115969,0.0004101875820197165,0.0028922422789037228,0.0018298476934432983,0.001960193505510688,0.001886222162283957,6.613361733798229e-07,7.008436000432994e-07
1.675988755778235e-06,0.07014747709035873,0.10919410735368729,0.0047362614423036575,0.04383750259876251,0.018155422061681747,3.7294907997420523e-06,1.3060720505109202e-07,1.5464705427348235e-07,0.10560822486877441,0.14804944396018982,0.3305743634700775,0.32307764887809753,0.11579733341932297,0.01594879850745201,0.05035046860575676,0.22701846063137054,0.028757059946656227,0.02172897569835186,0.1645948886871338,0.17484411597251892,0.011023116298019886,0.005270117893815041,2.055458026006818e-06,0.0022497656755149364,0.002045577857643366,7.668211765121669e-06,0.0002935351512860507,0.003563222009688616,0.0013948685955256224,0.00386384641751647,0.005232223309576511,8.512770000379533e-05,0.003591639921069145,1.2399252227623947e-05,5.712645815947326e-06,0.08004619181156158,0.051877569407224655,0.005850615445524454,0.0004640336555894464,0.017674392089247704,0.004400043748319149,0.9181914925575256,0.2705621123313904,0.0008734126458875835,0.0003819198173005134,0.0034088697284460068,0.0017083367565646768,0.001540552475489676,0.0017342774663120508,5.98371855176083e-07,6.597738888558524e-07
1.6340214870069758e-06,0.056118376553058624,0.09422650188207626,0.004970431327819824,0.05438521131873131,0.02117937244474888,3.5004140954697505e-06,1.1776545960628937e-07,1.6143056313921988e-07,0.06628835946321487,0.10848808288574219,0.3069077432155609,0.30438101291656494,0.14921508729457855,0.017365897074341774,0.037262577563524246,0.2014075368642807,0.03231126070022583,0.02490656077861786,0.150717094540596,0.1488189548254013,0.016434745863080025,0.007870151661336422,2.0086383756279247e-06,0.0019251718185842037,0.0017590230563655496,7.553663635917474e-06,0.0002957977703772485,0.0040910146199166775,0.0015682067023590207,0.002935229567810893,0.00421116640791297,9.767107258085161e-05,0.002129231346771121,1.0727278095146175e-05,5.311809673003154e-06,0.0761905238032341,0.046414196491241455,0.00661779660731554,0.0009567277738824487,0.013042410835623741,0.0033082973677664995,0.9044361114501953,0.26260697841644287,0.001114225247874856,0.0005212394753471017,0.00295204296708107,0.001907900907099247,0.001949924509972334,0.0020110895857214928,6.733869213348953e-07,5.884554070689774e-07
1.8869808400268084e-06,0.05741873010993004,0.09508142620325089,0.005848979577422142,0.05131746456027031,0.020020168274641037,4.026549049740424e-06,1.4312898599655455e-07,1.8062921469663706e-07,0.07104822993278503,0.11201996356248856,0.2501455545425415,0.25536513328552246,0.12388508021831512,0.016715360805392265,0.04705988988280296,0.21615664660930634,0.039974991232156754,0.032451778650283813,0.15154443681240082,0.16662420332431793,0.01516926009207964,0.007647672202438116,2.205981218139641e-06,0.002024998888373375,0.001768209389410913,6.590603334188927e-06,0.0002708675747271627,0.004930830094963312,0.0014223683392629027,0.003950376063585281,0.0056391614489257336,8.060780237428844e-05,0.0022341415751725435,1.1968876606260892e-05,6.10876850259956e-06,0.09701472520828247,0.048807691782712936,0.004642286337912083,0.0007719797431491315,0.01547012384980917,0.0033885049633681774,0.9181509017944336,0.2861142158508301,0.001522848499007523,0.0006282060057856143,0.004069094080477953,0.0022153130266815424,0.002421310869976878,0.0022661802358925343,6.699171422042127e-07,7.038161129457876e-07
1.6205726751650218e-06,0.043134015053510666,0.07644835859537125,0.006504876539111137,0.07080794870853424,0.025312356650829315,3.609978875829256e-06,1.3294983602918364e-07,1.6453697071483475e-07,0.06113911047577858,0.10583722591400146,0.27745765447616577,0.28054556250572205,0.15235695242881775,0.01412234827876091,0.03894633427262306,0.23299241065979004,0.03457701578736305,0.028280705213546753,0.14534763991832733,0.17138154804706573,0.01660153642296791,0.008545299991965294,1.8632298406373593e-06,0.001877162721939385,0.0019715595990419388,8.654205885250121e-06,0.00034269876778125763,0.004927453584969044,0.0017084138235077262,0.002009364776313305,0.0029029331635683775,0.00010375444981036708,0.0017979026306420565,1.0395761819381732e-05,5.479284482134972e-06,0.07778602838516235,0.04254268854856491,0.0077307382598519325,0.0013419872848317027,0.014196565374732018,0.0036987559869885445,0.9052815437316895,0.2618754208087921,0.0010418370366096497,0.0004690934147220105,0.0024617118760943413,0.0015415048692375422,0.0020682949107140303,0.0020558596588671207,6.348978445203102e-07,5.770483539890847e-07
1.6658525510138134e-06,0.03548959642648697,0.07364249974489212,0.007937735877931118,0.08454761654138565,0.026822371408343315,3.802391574936337e-06,1.703414795883873e-07,2.1681996997813258e-07,0.057008568197488785,0.08608552068471909,0.2556980848312378,0.26021310687065125,0.1419195830821991,0.009876498021185398,0.04529194533824921,0.29444414377212524,0.03692293167114258,0.03048515133559704,0.14147299528121948,0.14953382313251495,0.019460612908005714,0.009957409463822842,2.183222932217177e-06,0.0020312508568167686,0.0019341581501066685,7.68436166254105e-06,0.00031194952316582203,0.004983300808817148,0.0009283017134293914,0.0040979948826134205,0.006412262097001076,9.900148143060505e-05,0.0025133530143648386,1.2205637176521122e-05,7.572069080197252e-06,0.0670546442270279,0.028807509690523148,0.009356102906167507,0.0006813700892962515,0.018125124275684357,0.0031000596936792135,0.9060080647468567,0.25574013590812683,0.0007161873509176075,0.00028958459733985364,0.002801134716719389,0.0023361940402537584,0.00194484309758991,0.0016862698830664158,7.249605573633744e-07,7.473265668522799e-07
1.379276795887563e-06,0.038057584315538406,0.08056151866912842,0.007050893735140562,0.08331367373466492,0.029715221375226974,3.607838152674958e-06,1.6278825398785557e-07,1.9845732879275602e-07,0.04897879809141159,0.07722913473844528,0.27036145329475403,0.26528605818748474,0.14493951201438904,0.009348606690764427,0.04423150792717934,0.2964007258415222,0.032630451023578644,0.028145035728812218,0.12195520102977753,0.13013599812984467,0.02140890248119831,0.01075343880802393,2.76251080322254e-06,0.00183884019497782,0.0013886371161788702,6.946995199541561e-06,0.000230014935368672,0.0033722908701747656,0.0007986733107827604,0.005473696161061525,0.008076383732259274,0.00012314972991589457,0.002257739193737507,1.4838156857877038e-05,9.011124348035082e-06,0.05301545932888985,0.024616830050945282,0.012663156725466251,0.0007379900198429823,0.011213034391403198,0.0018949592486023903,0.8533722162246704,0.23451045155525208,0.0006915333215147257,0.0002978380653075874,0.0033522758167237043,0.0022814872208982706,0.0022641122341156006,0.0020397293847054243,9.66821744441404e-07,7.390420364572492e-07
1.1660025620585657e-06,0.036216143518686295,0.061969026923179626,0.007954617030918598,0.08862116932868958,0.03653672710061073,3.9098217712307815e-06,1.2738050259031297e-07,1.7557616160956968e-07,0.05114351585507393,0.07229476422071457,0.2949812710285187,0.2927525043487549,0.14679887890815735,0.010165808722376823,0.04223288968205452,0.2791594862937927,0.03010377660393715,0.02421148493885994,0.13604970276355743,0.10980569571256638,0.02226897142827511,0.010917115025222301,2.5874978746287525e-06,0.0021050069481134415,0.0015784988645464182,6.55453641229542e-06,0.0002421420649625361,0.0033823957201093435,0.0010939674684777856,0.003895451780408621,0.004862269386649132,0.00011735294538084418,0.001925193821080029,1.6151163436006755e-05,9.150402547675185e-06,0.06317979097366333,0.02619544044137001,0.011391893029212952,0.0009861253201961517,0.012679245322942734,0.0029465227853506804,0.8305690884590149,0.18971659243106842,0.0006023754249326885,0.00023154198424890637,0.003751384560018778,0.0011288996320217848,0.0017846819246187806,0.0017769420519471169,8.763275900491863e-07,6.185979941619735e-07
1.1080627473347704e-06,0.039311785250902176,0.06803470849990845,0.005986733827739954,0.08170335739850998,0.031054146587848663,3.738846089618164e-06,1.0911943348901332e-07,1.298366214541602e-07,0.06835707277059555,0.0981701985001564,0.2918880581855774,0.28782913088798523,0.1480802744626999,0.012467671185731888,0.04013324901461601,0.2480112612247467,0.030783502385020256,0.0255509652197361,0.14528867602348328,0.13776172697544098,0.016344651579856873,0.00788565631955862,2.273481413794798e-06,0.0018957710126414895,0.0016986550763249397,7.3284727477584966e-06,0.0002607553906273097,0.00303376535885036,0.0017349494155496359,0.003049613442271948,0.0036247759126126766,0.00010011508129537106,0.002476693596690893,1.5194708794297185e-05,7.082735010044416e-06,0.06133854389190674,0.04060690104961395,0.009491323493421078,0.0007651519845239818,0.01332052331417799,0.00340486248023808,0.8547815680503845,0.19904285669326782,0.0006791610503569245,0.0002994053647853434,0.0035385682713240385,0.0009959175949916244,0.0014322762144729495,0.001782523817382753,6.926811124685628e-07,4.934382218380051e-07
1.1462952898000367e-06,0.04684442654252052,0.08789348602294922,0.005298066418617964,0.06968856602907181,0.027324559167027473,3.7201805298536783e-06,1.2920813219352567e-07,1.54741329083663e-07,0.07259821891784668,0.07998199015855789,0.31647786498069763,0.29895472526550293,0.16135743260383606,0.010640744119882584,0.03832387551665306,0.27139443159103394,0.027948496863245964,0.024394024163484573,0.15010088682174683,0.14319956302642822,0.01603396236896515,0.009292704984545708,2.622171223265468e-06,0.0019722457509487867,0.0014594976091757417,6.316520284599392e-06,0.00018908697529695928,0.0033214634750038385,0.001127109513618052,0.0046045430935919285,0.006172720808535814,9.52279515331611e-05,0.0025679522659629583,1.826175139285624e-05,9.676088666310534e-06,0.05309462174773216,0.029658909887075424,0.010700327344238758,0.0006321911350823939,0.013003240339457989,0.0026050754822790623,0.8549095392227173,0.22259579598903656,0.0005664798081852496,0.00023369221889879555,0.003399147419258952,0.0014477279037237167,0.002123913960531354,0.002242631046101451,8.331649041792843e-07,6.06287926530058e-07
